,source,target,dagLevel
0,MV1_T1_MV_Type_ID_num,MV1_LmvPF,2.0
1,MV1_T1_MV_Type_ID_num,MV1_DmvMax,2.0
2,MV1_T1_MV_Type_ID_num,MV1_DmvMin,2.0
3,MV1_T1_MV_Type_ID_num,MV1_Emv,2.0
4,MV1_T1_MV_Type_ID_num,MV1_AleakMV_raw,2.0
5,MV1_T1_MV_Type_ID_num,MV1_T1_MV_Supplier_ID_num,2.0
6,MV1_T1_MV_Supplier_ID_num,MV1_LmvPF,2.0
7,MV1_T1_MV_Supplier_ID_num,MV1_DmvMax,2.0
8,MV1_T1_MV_Supplier_ID_num,MV1_DmvMin,2.0
9,MV1_T1_MV_Supplier_ID_num,MV1_Emv,2.0
10,MV1_T1_MV_Supplier_ID_num,MV1_AleakMV_raw,2.0
11,MV1_LmvPF,PF_M1_T1_Force,
12,MV1_DmvMax,MV1_DmvMax_Meas,
13,MV1_DmvMax,PF_M1_T1_deltaD_max,
14,MV1_DmvMin,MV1_DmvMin_Meas,
15,MV1_DmvMin,PF_M1_T1_deltaD_min,
16,MV1_Emv,PF_M1_T1_E_eff_inv,
17,MV1_AleakMV_raw,MV1_AleakMV,
18,MV1_AleakMV,MV1_AleakSum,
19,MV1_AleakMV,PF_M1_T1_AleakBore,
20,MV1_AleakMV,HU_Ch1_T1_AleakMV,
21,MV2_T2_MV_Type_ID_num,MV2_LmvPF,2.0
22,MV2_T2_MV_Type_ID_num,MV2_DmvMax,2.0
23,MV2_T2_MV_Type_ID_num,MV2_DmvMin,2.0
24,MV2_T2_MV_Type_ID_num,MV2_Emv,2.0
25,MV2_T2_MV_Type_ID_num,MV2_AleakMV_raw,2.0
26,MV2_T2_MV_Type_ID_num,MV2_T2_MV_Supplier_ID_num,2.0
27,MV2_T2_MV_Supplier_ID_num,MV2_LmvPF,2.0
28,MV2_T2_MV_Supplier_ID_num,MV2_DmvMax,2.0
29,MV2_T2_MV_Supplier_ID_num,MV2_DmvMin,2.0
30,MV2_T2_MV_Supplier_ID_num,MV2_Emv,2.0
31,MV2_T2_MV_Supplier_ID_num,MV2_AleakMV_raw,2.0
32,MV2_LmvPF,PF_M1_T2_Force,
33,MV2_DmvMax,MV2_DmvMax_Meas,
34,MV2_DmvMax,PF_M1_T2_deltaD_max,
35,MV2_DmvMin,MV2_DmvMin_Meas,
36,MV2_DmvMin,PF_M1_T2_deltaD_min,
37,MV2_Emv,PF_M1_T2_E_eff_inv,
38,MV2_AleakMV_raw,MV2_AleakMV,
39,MV2_AleakMV,MV2_AleakSum,
40,MV2_AleakMV,PF_M1_T2_AleakBore,
41,MV2_AleakMV,HU_Ch1_T2_AleakMV,
42,MV3_T3_MV_Type_ID_num,MV3_LmvPF,2.0
43,MV3_T3_MV_Type_ID_num,MV3_DmvMax,2.0
44,MV3_T3_MV_Type_ID_num,MV3_DmvMin,2.0
45,MV3_T3_MV_Type_ID_num,MV3_Emv,2.0
46,MV3_T3_MV_Type_ID_num,MV3_AleakMV_raw,2.0
47,MV3_T3_MV_Type_ID_num,MV3_T3_MV_Supplier_ID_num,2.0
48,MV3_T3_MV_Supplier_ID_num,MV3_LmvPF,2.0
49,MV3_T3_MV_Supplier_ID_num,MV3_DmvMax,2.0
50,MV3_T3_MV_Supplier_ID_num,MV3_DmvMin,2.0
51,MV3_T3_MV_Supplier_ID_num,MV3_Emv,2.0
52,MV3_T3_MV_Supplier_ID_num,MV3_AleakMV_raw,2.0
53,MV3_LmvPF,PF_M1_T3_Force,
54,MV3_DmvMax,MV3_DmvMax_Meas,
55,MV3_DmvMax,PF_M1_T3_deltaD_max,
56,MV3_DmvMin,MV3_DmvMin_Meas,
57,MV3_DmvMin,PF_M1_T3_deltaD_min,
58,MV3_Emv,PF_M1_T3_E_eff_inv,
59,MV3_AleakMV_raw,MV3_AleakMV,
60,MV3_AleakMV,MV3_AleakSum,
61,MV3_AleakMV,PF_M1_T3_AleakBore,
62,MV3_AleakMV,HU_Ch2_T3_AleakMV,
63,MV4_T4_MV_Type_ID_num,MV4_LmvPF,2.0
64,MV4_T4_MV_Type_ID_num,MV4_DmvMax,2.0
65,MV4_T4_MV_Type_ID_num,MV4_DmvMin,2.0
66,MV4_T4_MV_Type_ID_num,MV4_Emv,2.0
67,MV4_T4_MV_Type_ID_num,MV4_AleakMV_raw,2.0
68,MV4_T4_MV_Type_ID_num,MV4_T4_MV_Supplier_ID_num,2.0
69,MV4_T4_MV_Supplier_ID_num,MV4_LmvPF,2.0
70,MV4_T4_MV_Supplier_ID_num,MV4_DmvMax,2.0
71,MV4_T4_MV_Supplier_ID_num,MV4_DmvMin,2.0
72,MV4_T4_MV_Supplier_ID_num,MV4_Emv,2.0
73,MV4_T4_MV_Supplier_ID_num,MV4_AleakMV_raw,2.0
74,MV4_LmvPF,PF_M1_T4_Force,
75,MV4_DmvMax,MV4_DmvMax_Meas,
76,MV4_DmvMax,PF_M1_T4_deltaD_max,
77,MV4_DmvMin,MV4_DmvMin_Meas,
78,MV4_DmvMin,PF_M1_T4_deltaD_min,
79,MV4_Emv,PF_M1_T4_E_eff_inv,
80,MV4_AleakMV_raw,MV4_AleakMV,
81,MV4_AleakMV,MV4_AleakSum,
82,MV4_AleakMV,PF_M1_T4_AleakBore,
83,MV4_AleakMV,HU_Ch2_T4_AleakMV,
84,MV5_T5_MV_Type_ID_num,MV5_LmvPF,2.0
85,MV5_T5_MV_Type_ID_num,MV5_DmvMax,2.0
86,MV5_T5_MV_Type_ID_num,MV5_DmvMin,2.0
87,MV5_T5_MV_Type_ID_num,MV5_Emv,2.0
88,MV5_T5_MV_Type_ID_num,MV5_AleakMV_raw,2.0
89,MV5_T5_MV_Type_ID_num,MV5_T5_MV_Supplier_ID_num,2.0
90,MV5_T5_MV_Supplier_ID_num,MV5_LmvPF,2.0
91,MV5_T5_MV_Supplier_ID_num,MV5_DmvMax,2.0
92,MV5_T5_MV_Supplier_ID_num,MV5_DmvMin,2.0
93,MV5_T5_MV_Supplier_ID_num,MV5_Emv,2.0
94,MV5_T5_MV_Supplier_ID_num,MV5_AleakMV_raw,2.0
95,MV5_LmvPF,PF_M2_T5_Force,
96,MV5_DmvMax,MV5_DmvMax_Meas,
97,MV5_DmvMax,PF_M2_T5_deltaD_max,
98,MV5_DmvMin,MV5_DmvMin_Meas,
99,MV5_DmvMin,PF_M2_T5_deltaD_min,
100,MV5_Emv,PF_M2_T5_E_eff_inv,
101,MV5_AleakMV_raw,MV5_AleakMV,
102,MV5_AleakMV,MV5_AleakSum,
103,MV5_AleakMV,PF_M2_T5_AleakBore,
104,MV5_AleakMV,HU_Ch3_T5_AleakMV,
105,MV6_T6_MV_Type_ID_num,MV6_LmvPF,2.0
106,MV6_T6_MV_Type_ID_num,MV6_DmvMax,2.0
107,MV6_T6_MV_Type_ID_num,MV6_DmvMin,2.0
108,MV6_T6_MV_Type_ID_num,MV6_Emv,2.0
109,MV6_T6_MV_Type_ID_num,MV6_AleakMV_raw,2.0
110,MV6_T6_MV_Type_ID_num,MV6_T6_MV_Supplier_ID_num,2.0
111,MV6_T6_MV_Supplier_ID_num,MV6_LmvPF,2.0
112,MV6_T6_MV_Supplier_ID_num,MV6_DmvMax,2.0
113,MV6_T6_MV_Supplier_ID_num,MV6_DmvMin,2.0
114,MV6_T6_MV_Supplier_ID_num,MV6_Emv,2.0
115,MV6_T6_MV_Supplier_ID_num,MV6_AleakMV_raw,2.0
116,MV6_LmvPF,PF_M2_T6_Force,
117,MV6_DmvMax,MV6_DmvMax_Meas,
118,MV6_DmvMax,PF_M2_T6_deltaD_max,
119,MV6_DmvMin,MV6_DmvMin_Meas,
120,MV6_DmvMin,PF_M2_T6_deltaD_min,
121,MV6_Emv,PF_M2_T6_E_eff_inv,
122,MV6_AleakMV_raw,MV6_AleakMV,
123,MV6_AleakMV,MV6_AleakSum,
124,MV6_AleakMV,PF_M2_T6_AleakBore,
125,MV6_AleakMV,HU_Ch3_T6_AleakMV,
126,MV7_T7_MV_Type_ID_num,MV7_LmvPF,2.0
127,MV7_T7_MV_Type_ID_num,MV7_DmvMax,2.0
128,MV7_T7_MV_Type_ID_num,MV7_DmvMin,2.0
129,MV7_T7_MV_Type_ID_num,MV7_Emv,2.0
130,MV7_T7_MV_Type_ID_num,MV7_AleakMV_raw,2.0
131,MV7_T7_MV_Type_ID_num,MV7_T7_MV_Supplier_ID_num,2.0
132,MV7_T7_MV_Supplier_ID_num,MV7_LmvPF,2.0
133,MV7_T7_MV_Supplier_ID_num,MV7_DmvMax,2.0
134,MV7_T7_MV_Supplier_ID_num,MV7_DmvMin,2.0
135,MV7_T7_MV_Supplier_ID_num,MV7_Emv,2.0
136,MV7_T7_MV_Supplier_ID_num,MV7_AleakMV_raw,2.0
137,MV7_LmvPF,PF_M2_T7_Force,
138,MV7_DmvMax,MV7_DmvMax_Meas,
139,MV7_DmvMax,PF_M2_T7_deltaD_max,
140,MV7_DmvMin,MV7_DmvMin_Meas,
141,MV7_DmvMin,PF_M2_T7_deltaD_min,
142,MV7_Emv,PF_M2_T7_E_eff_inv,
143,MV7_AleakMV_raw,MV7_AleakMV,
144,MV7_AleakMV,MV7_AleakSum,
145,MV7_AleakMV,PF_M2_T7_AleakBore,
146,MV7_AleakMV,HU_Ch4_T7_AleakMV,
147,MV8_T8_MV_Type_ID_num,MV8_LmvPF,2.0
148,MV8_T8_MV_Type_ID_num,MV8_DmvMax,2.0
149,MV8_T8_MV_Type_ID_num,MV8_DmvMin,2.0
150,MV8_T8_MV_Type_ID_num,MV8_Emv,2.0
151,MV8_T8_MV_Type_ID_num,MV8_AleakMV_raw,2.0
152,MV8_T8_MV_Type_ID_num,MV8_T8_MV_Supplier_ID_num,2.0
153,MV8_T8_MV_Supplier_ID_num,MV8_LmvPF,2.0
154,MV8_T8_MV_Supplier_ID_num,MV8_DmvMax,2.0
155,MV8_T8_MV_Supplier_ID_num,MV8_DmvMin,2.0
156,MV8_T8_MV_Supplier_ID_num,MV8_Emv,2.0
157,MV8_T8_MV_Supplier_ID_num,MV8_AleakMV_raw,2.0
158,MV8_LmvPF,PF_M2_T8_Force,
159,MV8_DmvMax,MV8_DmvMax_Meas,
160,MV8_DmvMax,PF_M2_T8_deltaD_max,
161,MV8_DmvMin,MV8_DmvMin_Meas,
162,MV8_DmvMin,PF_M2_T8_deltaD_min,
163,MV8_Emv,PF_M2_T8_E_eff_inv,
164,MV8_AleakMV_raw,MV8_AleakMV,
165,MV8_AleakMV,MV8_AleakSum,
166,MV8_AleakMV,PF_M2_T8_AleakBore,
167,MV8_AleakMV,HU_Ch4_T8_AleakMV,
168,HU_HU_Block_Type_ID_num,HU_Ehu,2.0
169,HU_HU_Block_Type_ID_num,HU_Force_Lim_Deform,2.0
170,HU_HU_Block_Type_ID_num,HU_Ch1_HU_Block_Type_ID_num,2.0
171,HU_HU_Block_Type_ID_num,HU_Ch1_Vchamber,2.0
172,HU_HU_Block_Type_ID_num,HU_Ch1_Vchamber_part_REF,2.0
173,HU_HU_Block_Type_ID_num,HU_T1_BorePosition_ID_num,2.0
174,HU_HU_Block_Type_ID_num,HU_T1_DboreMax,2.0
175,HU_HU_Block_Type_ID_num,HU_T1_DboreMin,2.0
176,HU_HU_Block_Type_ID_num,HU_T2_BorePosition_ID_num,2.0
177,HU_HU_Block_Type_ID_num,HU_T2_DboreMax,2.0
178,HU_HU_Block_Type_ID_num,HU_T2_DboreMin,2.0
179,HU_HU_Block_Type_ID_num,HU_Ch2_HU_Block_Type_ID_num,2.0
180,HU_HU_Block_Type_ID_num,HU_Ch2_Vchamber,2.0
181,HU_HU_Block_Type_ID_num,HU_Ch2_Vchamber_part_REF,2.0
182,HU_HU_Block_Type_ID_num,HU_T3_BorePosition_ID_num,2.0
183,HU_HU_Block_Type_ID_num,HU_T3_DboreMax,2.0
184,HU_HU_Block_Type_ID_num,HU_T3_DboreMin,2.0
185,HU_HU_Block_Type_ID_num,HU_T4_BorePosition_ID_num,2.0
186,HU_HU_Block_Type_ID_num,HU_T4_DboreMax,2.0
187,HU_HU_Block_Type_ID_num,HU_T4_DboreMin,2.0
188,HU_HU_Block_Type_ID_num,HU_Ch3_HU_Block_Type_ID_num,2.0
189,HU_HU_Block_Type_ID_num,HU_Ch3_Vchamber,2.0
190,HU_HU_Block_Type_ID_num,HU_Ch3_Vchamber_part_REF,2.0
191,HU_HU_Block_Type_ID_num,HU_T5_BorePosition_ID_num,2.0
192,HU_HU_Block_Type_ID_num,HU_T5_DboreMax,2.0
193,HU_HU_Block_Type_ID_num,HU_T5_DboreMin,2.0
194,HU_HU_Block_Type_ID_num,HU_T6_BorePosition_ID_num,2.0
195,HU_HU_Block_Type_ID_num,HU_T6_DboreMax,2.0
196,HU_HU_Block_Type_ID_num,HU_T6_DboreMin,2.0
197,HU_HU_Block_Type_ID_num,HU_Ch4_HU_Block_Type_ID_num,2.0
198,HU_HU_Block_Type_ID_num,HU_Ch4_Vchamber,2.0
199,HU_HU_Block_Type_ID_num,HU_Ch4_Vchamber_part_REF,2.0
200,HU_HU_Block_Type_ID_num,HU_T7_BorePosition_ID_num,2.0
201,HU_HU_Block_Type_ID_num,HU_T7_DboreMax,2.0
202,HU_HU_Block_Type_ID_num,HU_T7_DboreMin,2.0
203,HU_HU_Block_Type_ID_num,HU_T8_BorePosition_ID_num,2.0
204,HU_HU_Block_Type_ID_num,HU_T8_DboreMax,2.0
205,HU_HU_Block_Type_ID_num,HU_T8_DboreMin,2.0
206,HU_HU_Block_Type_ID_num,HU_HU_Block_Supplier_ID_num,2.0
207,HU_HU_Block_Type_ID_num,PF_M1_T3_s0_LTL,2.0
208,HU_HU_Block_Type_ID_num,PF_M1_T3_s0_UTL,2.0
209,HU_HU_Block_Type_ID_num,PF_M1_T3_Force_LTL,2.0
210,HU_HU_Block_Type_ID_num,PF_M1_T3_Force_UTL,2.0
211,HU_HU_Block_Type_ID_num,PF_M1_T3_sgrad_LTL,2.0
212,HU_HU_Block_Type_ID_num,PF_M1_T3_sgrad_UTL,2.0
213,HU_HU_Block_Type_ID_num,PF_M1_T3_Fmax_LTL,2.0
214,HU_HU_Block_Type_ID_num,PF_M1_T3_Fmax_UTL,2.0
215,HU_HU_Block_Type_ID_num,PF_M1_T3_smax_LTL,2.0
216,HU_HU_Block_Type_ID_num,PF_M1_T3_smax_UTL,2.0
217,HU_HU_Block_Type_ID_num,PF_M1_T4_s0_LTL,2.0
218,HU_HU_Block_Type_ID_num,PF_M1_T4_s0_UTL,2.0
219,HU_HU_Block_Type_ID_num,PF_M1_T4_Force_LTL,2.0
220,HU_HU_Block_Type_ID_num,PF_M1_T4_Force_UTL,2.0
221,HU_HU_Block_Type_ID_num,PF_M1_T4_sgrad_LTL,2.0
222,HU_HU_Block_Type_ID_num,PF_M1_T4_sgrad_UTL,2.0
223,HU_HU_Block_Type_ID_num,PF_M1_T4_Fmax_LTL,2.0
224,HU_HU_Block_Type_ID_num,PF_M1_T4_Fmax_UTL,2.0
225,HU_HU_Block_Type_ID_num,PF_M1_T4_smax_LTL,2.0
226,HU_HU_Block_Type_ID_num,PF_M1_T4_smax_UTL,2.0
227,HU_HU_Block_Type_ID_num,PF_M1_T1_s0_LTL,2.0
228,HU_HU_Block_Type_ID_num,PF_M1_T1_s0_UTL,2.0
229,HU_HU_Block_Type_ID_num,PF_M1_T1_Force_LTL,2.0
230,HU_HU_Block_Type_ID_num,PF_M1_T1_Force_UTL,2.0
231,HU_HU_Block_Type_ID_num,PF_M1_T1_sgrad_LTL,2.0
232,HU_HU_Block_Type_ID_num,PF_M1_T1_sgrad_UTL,2.0
233,HU_HU_Block_Type_ID_num,PF_M1_T1_Fmax_LTL,2.0
234,HU_HU_Block_Type_ID_num,PF_M1_T1_Fmax_UTL,2.0
235,HU_HU_Block_Type_ID_num,PF_M1_T1_smax_LTL,2.0
236,HU_HU_Block_Type_ID_num,PF_M1_T1_smax_UTL,2.0
237,HU_HU_Block_Type_ID_num,PF_M1_T2_s0_LTL,2.0
238,HU_HU_Block_Type_ID_num,PF_M1_T2_s0_UTL,2.0
239,HU_HU_Block_Type_ID_num,PF_M1_T2_Force_LTL,2.0
240,HU_HU_Block_Type_ID_num,PF_M1_T2_Force_UTL,2.0
241,HU_HU_Block_Type_ID_num,PF_M1_T2_sgrad_LTL,2.0
242,HU_HU_Block_Type_ID_num,PF_M1_T2_sgrad_UTL,2.0
243,HU_HU_Block_Type_ID_num,PF_M1_T2_Fmax_LTL,2.0
244,HU_HU_Block_Type_ID_num,PF_M1_T2_Fmax_UTL,2.0
245,HU_HU_Block_Type_ID_num,PF_M1_T2_smax_LTL,2.0
246,HU_HU_Block_Type_ID_num,PF_M1_T2_smax_UTL,2.0
247,HU_HU_Block_Type_ID_num,PF_M2_T7_s0_LTL,2.0
248,HU_HU_Block_Type_ID_num,PF_M2_T7_s0_UTL,2.0
249,HU_HU_Block_Type_ID_num,PF_M2_T7_Force_LTL,2.0
250,HU_HU_Block_Type_ID_num,PF_M2_T7_Force_UTL,2.0
251,HU_HU_Block_Type_ID_num,PF_M2_T7_sgrad_LTL,2.0
252,HU_HU_Block_Type_ID_num,PF_M2_T7_sgrad_UTL,2.0
253,HU_HU_Block_Type_ID_num,PF_M2_T7_Fmax_LTL,2.0
254,HU_HU_Block_Type_ID_num,PF_M2_T7_Fmax_UTL,2.0
255,HU_HU_Block_Type_ID_num,PF_M2_T7_smax_LTL,2.0
256,HU_HU_Block_Type_ID_num,PF_M2_T7_smax_UTL,2.0
257,HU_HU_Block_Type_ID_num,PF_M2_T8_s0_LTL,2.0
258,HU_HU_Block_Type_ID_num,PF_M2_T8_s0_UTL,2.0
259,HU_HU_Block_Type_ID_num,PF_M2_T8_Force_LTL,2.0
260,HU_HU_Block_Type_ID_num,PF_M2_T8_Force_UTL,2.0
261,HU_HU_Block_Type_ID_num,PF_M2_T8_sgrad_LTL,2.0
262,HU_HU_Block_Type_ID_num,PF_M2_T8_sgrad_UTL,2.0
263,HU_HU_Block_Type_ID_num,PF_M2_T8_Fmax_LTL,2.0
264,HU_HU_Block_Type_ID_num,PF_M2_T8_Fmax_UTL,2.0
265,HU_HU_Block_Type_ID_num,PF_M2_T8_smax_LTL,2.0
266,HU_HU_Block_Type_ID_num,PF_M2_T8_smax_UTL,2.0
267,HU_HU_Block_Type_ID_num,PF_M2_T5_s0_LTL,2.0
268,HU_HU_Block_Type_ID_num,PF_M2_T5_s0_UTL,2.0
269,HU_HU_Block_Type_ID_num,PF_M2_T5_Force_LTL,2.0
270,HU_HU_Block_Type_ID_num,PF_M2_T5_Force_UTL,2.0
271,HU_HU_Block_Type_ID_num,PF_M2_T5_sgrad_LTL,2.0
272,HU_HU_Block_Type_ID_num,PF_M2_T5_sgrad_UTL,2.0
273,HU_HU_Block_Type_ID_num,PF_M2_T5_Fmax_LTL,2.0
274,HU_HU_Block_Type_ID_num,PF_M2_T5_Fmax_UTL,2.0
275,HU_HU_Block_Type_ID_num,PF_M2_T5_smax_LTL,2.0
276,HU_HU_Block_Type_ID_num,PF_M2_T5_smax_UTL,2.0
277,HU_HU_Block_Type_ID_num,PF_M2_T6_s0_LTL,2.0
278,HU_HU_Block_Type_ID_num,PF_M2_T6_s0_UTL,2.0
279,HU_HU_Block_Type_ID_num,PF_M2_T6_Force_LTL,2.0
280,HU_HU_Block_Type_ID_num,PF_M2_T6_Force_UTL,2.0
281,HU_HU_Block_Type_ID_num,PF_M2_T6_sgrad_LTL,2.0
282,HU_HU_Block_Type_ID_num,PF_M2_T6_sgrad_UTL,2.0
283,HU_HU_Block_Type_ID_num,PF_M2_T6_Fmax_LTL,2.0
284,HU_HU_Block_Type_ID_num,PF_M2_T6_Fmax_UTL,2.0
285,HU_HU_Block_Type_ID_num,PF_M2_T6_smax_LTL,2.0
286,HU_HU_Block_Type_ID_num,PF_M2_T6_smax_UTL,2.0
287,HU_HU_Block_Supplier_ID_num,HU_Ehu,2.0
288,HU_HU_Block_Supplier_ID_num,HU_Force_Lim_Deform,2.0
289,HU_HU_Block_Supplier_ID_num,HU_Ch1_HU_Block_Type_ID_num,2.0
290,HU_HU_Block_Supplier_ID_num,HU_Ch1_Vchamber,2.0
291,HU_HU_Block_Supplier_ID_num,HU_Ch1_Vchamber_part_REF,2.0
292,HU_HU_Block_Supplier_ID_num,HU_T1_BorePosition_ID_num,2.0
293,HU_HU_Block_Supplier_ID_num,HU_T1_DboreMax,2.0
294,HU_HU_Block_Supplier_ID_num,HU_T1_DboreMin,2.0
295,HU_HU_Block_Supplier_ID_num,HU_T2_BorePosition_ID_num,2.0
296,HU_HU_Block_Supplier_ID_num,HU_T2_DboreMax,2.0
297,HU_HU_Block_Supplier_ID_num,HU_T2_DboreMin,2.0
298,HU_HU_Block_Supplier_ID_num,HU_Ch2_HU_Block_Type_ID_num,2.0
299,HU_HU_Block_Supplier_ID_num,HU_Ch2_Vchamber,2.0
300,HU_HU_Block_Supplier_ID_num,HU_Ch2_Vchamber_part_REF,2.0
301,HU_HU_Block_Supplier_ID_num,HU_T3_BorePosition_ID_num,2.0
302,HU_HU_Block_Supplier_ID_num,HU_T3_DboreMax,2.0
303,HU_HU_Block_Supplier_ID_num,HU_T3_DboreMin,2.0
304,HU_HU_Block_Supplier_ID_num,HU_T4_BorePosition_ID_num,2.0
305,HU_HU_Block_Supplier_ID_num,HU_T4_DboreMax,2.0
306,HU_HU_Block_Supplier_ID_num,HU_T4_DboreMin,2.0
307,HU_HU_Block_Supplier_ID_num,HU_Ch3_HU_Block_Type_ID_num,2.0
308,HU_HU_Block_Supplier_ID_num,HU_Ch3_Vchamber,2.0
309,HU_HU_Block_Supplier_ID_num,HU_Ch3_Vchamber_part_REF,2.0
310,HU_HU_Block_Supplier_ID_num,HU_T5_BorePosition_ID_num,2.0
311,HU_HU_Block_Supplier_ID_num,HU_T5_DboreMax,2.0
312,HU_HU_Block_Supplier_ID_num,HU_T5_DboreMin,2.0
313,HU_HU_Block_Supplier_ID_num,HU_T6_BorePosition_ID_num,2.0
314,HU_HU_Block_Supplier_ID_num,HU_T6_DboreMax,2.0
315,HU_HU_Block_Supplier_ID_num,HU_T6_DboreMin,2.0
316,HU_HU_Block_Supplier_ID_num,HU_Ch4_HU_Block_Type_ID_num,2.0
317,HU_HU_Block_Supplier_ID_num,HU_Ch4_Vchamber,2.0
318,HU_HU_Block_Supplier_ID_num,HU_Ch4_Vchamber_part_REF,2.0
319,HU_HU_Block_Supplier_ID_num,HU_T7_BorePosition_ID_num,2.0
320,HU_HU_Block_Supplier_ID_num,HU_T7_DboreMax,2.0
321,HU_HU_Block_Supplier_ID_num,HU_T7_DboreMin,2.0
322,HU_HU_Block_Supplier_ID_num,HU_T8_BorePosition_ID_num,2.0
323,HU_HU_Block_Supplier_ID_num,HU_T8_DboreMax,2.0
324,HU_HU_Block_Supplier_ID_num,HU_T8_DboreMin,2.0
325,HU_Ehu,PF_M1_T3_E_eff_inv,
326,HU_Ehu,PF_M1_T4_E_eff_inv,
327,HU_Ehu,PF_M1_T1_E_eff_inv,
328,HU_Ehu,PF_M1_T2_E_eff_inv,
329,HU_Ehu,PF_M2_T7_E_eff_inv,
330,HU_Ehu,PF_M2_T8_E_eff_inv,
331,HU_Ehu,PF_M2_T5_E_eff_inv,
332,HU_Ehu,PF_M2_T6_E_eff_inv,
333,HU_Force_Lim_Deform,PF_M2_T7_delta_Force_Deform,
334,HU_Force_Lim_Deform,PF_M2_T8_delta_Force_Deform,
335,HU_Force_Lim_Deform,PF_M2_T5_delta_Force_Deform,
336,HU_Force_Lim_Deform,PF_M2_T6_delta_Force_Deform,
337,HU_Ch1_Vchamber,EOL_HU_Ch1_Vchamber,
338,HU_Ch1_Vchamber_part_REF,EOL_HU_Ch1_Vchamber_part_REF,
339,HU_Ch1_T2_AleakPF,HU_Ch1_AleakChamber,
340,HU_Ch1_AleakChamber,EOL_HU_Ch1_AleakChamber,
341,HU_Ch1_T2_AleakMV,HU_Ch1_AleakChamber,
342,HU_Ch1_T1_AleakMV,HU_Ch1_AleakChamber,
343,HU_Ch1_T1_AleakPF,HU_Ch1_AleakChamber,
344,HU_T1_DboreMax,HU_T1_DboreMax_Meas,
345,HU_T1_DboreMax,PF_M1_T1_deltaD_min,
346,HU_T1_DboreMin,HU_T1_DboreMin_Meas,
347,HU_T1_DboreMin,PF_M1_T1_deltaD_max,
348,HU_T2_DboreMax,HU_T2_DboreMax_Meas,
349,HU_T2_DboreMax,PF_M1_T2_deltaD_min,
350,HU_T2_DboreMin,HU_T2_DboreMin_Meas,
351,HU_T2_DboreMin,PF_M1_T2_deltaD_max,
352,HU_Ch2_Vchamber,EOL_HU_Ch2_Vchamber,
353,HU_Ch2_Vchamber_part_REF,EOL_HU_Ch2_Vchamber_part_REF,
354,HU_Ch2_T3_AleakPF,HU_Ch2_AleakChamber,
355,HU_Ch2_AleakChamber,EOL_HU_Ch2_AleakChamber,
356,HU_Ch2_T4_AleakMV,HU_Ch2_AleakChamber,
357,HU_Ch2_T4_AleakPF,HU_Ch2_AleakChamber,
358,HU_Ch2_T3_AleakMV,HU_Ch2_AleakChamber,
359,HU_T3_DboreMax,HU_T3_DboreMax_Meas,
360,HU_T3_DboreMax,PF_M1_T3_deltaD_min,
361,HU_T3_DboreMin,HU_T3_DboreMin_Meas,
362,HU_T3_DboreMin,PF_M1_T3_deltaD_max,
363,HU_T4_DboreMax,HU_T4_DboreMax_Meas,
364,HU_T4_DboreMax,PF_M1_T4_deltaD_min,
365,HU_T4_DboreMin,HU_T4_DboreMin_Meas,
366,HU_T4_DboreMin,PF_M1_T4_deltaD_max,
367,HU_Ch3_Vchamber,EOL_HU_Ch3_Vchamber,
368,HU_Ch3_Vchamber_part_REF,EOL_HU_Ch3_Vchamber_part_REF,
369,HU_Ch3_T5_AleakMV,HU_Ch3_AleakChamber,
370,HU_Ch3_AleakChamber,EOL_HU_Ch3_AleakChamber,
371,HU_Ch3_T6_AleakPF,HU_Ch3_AleakChamber,
372,HU_Ch3_T6_AleakMV,HU_Ch3_AleakChamber,
373,HU_Ch3_T5_AleakPF,HU_Ch3_AleakChamber,
374,HU_T5_DboreMax,HU_T5_DboreMax_Meas,
375,HU_T5_DboreMax,PF_M2_T5_deltaD_min,
376,HU_T5_DboreMin,HU_T5_DboreMin_Meas,
377,HU_T5_DboreMin,PF_M2_T5_deltaD_max,
378,HU_T6_DboreMax,HU_T6_DboreMax_Meas,
379,HU_T6_DboreMax,PF_M2_T6_deltaD_min,
380,HU_T6_DboreMin,HU_T6_DboreMin_Meas,
381,HU_T6_DboreMin,PF_M2_T6_deltaD_max,
382,HU_Ch4_Vchamber,EOL_HU_Ch4_Vchamber,
383,HU_Ch4_Vchamber_part_REF,EOL_HU_Ch4_Vchamber_part_REF,
384,HU_Ch4_T7_AleakMV,HU_Ch4_AleakChamber,
385,HU_Ch4_AleakChamber,EOL_HU_Ch4_AleakChamber,
386,HU_Ch4_T7_AleakPF,HU_Ch4_AleakChamber,
387,HU_Ch4_T8_AleakMV,HU_Ch4_AleakChamber,
388,HU_Ch4_T8_AleakPF,HU_Ch4_AleakChamber,
389,HU_T7_DboreMax,HU_T7_DboreMax_Meas,
390,HU_T7_DboreMax,PF_M2_T7_deltaD_min,
391,HU_T7_DboreMin,HU_T7_DboreMin_Meas,
392,HU_T7_DboreMin,PF_M2_T7_deltaD_max,
393,HU_T8_DboreMax,HU_T8_DboreMax_Meas,
394,HU_T8_DboreMax,PF_M2_T8_deltaD_min,
395,HU_T8_DboreMin,HU_T8_DboreMin_Meas,
396,HU_T8_DboreMin,PF_M2_T8_deltaD_max,
397,HU_T1_DboreMin_Meas,HU_T1_DboreMin_Meas_LTL_MpGood,
398,HU_T1_DboreMin_Meas,HU_T1_DboreMin_Meas_UTL_MpGood,
399,HU_T1_DboreMin_Meas_LTL_MpGood,HU_T1_DboreMin_Meas_MpGood,
400,HU_T1_DboreMin_Meas_LTL,HU_T1_DboreMin_Meas_LTL_MpGood,
401,HU_T1_DboreMin_Meas_UTL_MpGood,HU_T1_DboreMin_Meas_MpGood,
402,HU_T1_DboreMin_Meas_UTL,HU_T1_DboreMin_Meas_UTL_MpGood,
403,HU_T1_DboreMin_Meas_MpGood,Sec_C0_Machine1_ProcessResult,
404,HU_T1_DboreMax_Meas_LTL,HU_T1_DboreMax_Meas_LTL_MpGood,
405,HU_T1_DboreMax_Meas_LTL_MpGood,HU_T1_DboreMax_Meas_MpGood,
406,HU_T1_DboreMax_Meas,HU_T1_DboreMax_Meas_LTL_MpGood,
407,HU_T1_DboreMax_Meas,HU_T1_DboreMax_Meas_UTL_MpGood,
408,HU_T1_DboreMax_Meas_UTL,HU_T1_DboreMax_Meas_UTL_MpGood,
409,HU_T1_DboreMax_Meas_UTL_MpGood,HU_T1_DboreMax_Meas_MpGood,
410,HU_T1_DboreMax_Meas_MpGood,Sec_C0_Machine1_ProcessResult,
411,HU_T1_errorMeas,HU_T1_DboreMin_Meas,
412,HU_T1_errorMeas,HU_T1_DboreMax_Meas,
413,PSec_C0_pSection_ID_num,HU_T1_errorMeas,2.0
414,PSec_C0_pSection_ID_num,HU_measurement_D_machine1_sensorError,2.0
415,PSec_C0_pSection_ID_num,HU_T2_errorMeas,2.0
416,PSec_C0_pSection_ID_num,HU_T3_errorMeas,2.0
417,PSec_C0_pSection_ID_num,HU_T4_errorMeas,2.0
418,PSec_C0_pSection_ID_num,HU_T5_errorMeas,2.0
419,PSec_C0_pSection_ID_num,HU_measurement_D_machine2_sensorError,2.0
420,PSec_C0_pSection_ID_num,HU_T6_errorMeas,2.0
421,PSec_C0_pSection_ID_num,HU_T7_errorMeas,2.0
422,PSec_C0_pSection_ID_num,HU_T8_errorMeas,2.0
423,HU_measurement_D_machine1_sensorError,HU_T1_errorMeas,2.0
424,HU_measurement_D_machine1_sensorError,HU_T2_errorMeas,2.0
425,HU_measurement_D_machine1_sensorError,HU_T3_errorMeas,2.0
426,HU_measurement_D_machine1_sensorError,HU_T4_errorMeas,2.0
427,HU_T2_DboreMin_Meas_LTL,HU_T2_DboreMin_Meas_LTL_MpGood,
428,HU_T2_DboreMin_Meas_LTL_MpGood,HU_T2_DboreMin_Meas_MpGood,
429,HU_T2_DboreMin_Meas,HU_T2_DboreMin_Meas_LTL_MpGood,
430,HU_T2_DboreMin_Meas,HU_T2_DboreMin_Meas_UTL_MpGood,
431,HU_T2_DboreMin_Meas_UTL,HU_T2_DboreMin_Meas_UTL_MpGood,
432,HU_T2_DboreMin_Meas_UTL_MpGood,HU_T2_DboreMin_Meas_MpGood,
433,HU_T2_DboreMin_Meas_MpGood,Sec_C0_Machine1_ProcessResult,
434,HU_T2_DboreMax_Meas,HU_T2_DboreMax_Meas_LTL_MpGood,
435,HU_T2_DboreMax_Meas,HU_T2_DboreMax_Meas_UTL_MpGood,
436,HU_T2_DboreMax_Meas_LTL_MpGood,HU_T2_DboreMax_Meas_MpGood,
437,HU_T2_DboreMax_Meas_LTL,HU_T2_DboreMax_Meas_LTL_MpGood,
438,HU_T2_DboreMax_Meas_UTL_MpGood,HU_T2_DboreMax_Meas_MpGood,
439,HU_T2_DboreMax_Meas_UTL,HU_T2_DboreMax_Meas_UTL_MpGood,
440,HU_T2_DboreMax_Meas_MpGood,Sec_C0_Machine1_ProcessResult,
441,HU_T2_errorMeas,HU_T2_DboreMin_Meas,
442,HU_T2_errorMeas,HU_T2_DboreMax_Meas,
443,HU_T3_DboreMin_Meas_LTL,HU_T3_DboreMin_Meas_LTL_MpGood,
444,HU_T3_DboreMin_Meas_LTL_MpGood,HU_T3_DboreMin_Meas_MpGood,
445,HU_T3_DboreMin_Meas,HU_T3_DboreMin_Meas_LTL_MpGood,
446,HU_T3_DboreMin_Meas,HU_T3_DboreMin_Meas_UTL_MpGood,
447,HU_T3_DboreMin_Meas_UTL,HU_T3_DboreMin_Meas_UTL_MpGood,
448,HU_T3_DboreMin_Meas_UTL_MpGood,HU_T3_DboreMin_Meas_MpGood,
449,HU_T3_DboreMin_Meas_MpGood,Sec_C0_Machine1_ProcessResult,
450,HU_T3_DboreMax_Meas,HU_T3_DboreMax_Meas_LTL_MpGood,
451,HU_T3_DboreMax_Meas,HU_T3_DboreMax_Meas_UTL_MpGood,
452,HU_T3_DboreMax_Meas_LTL_MpGood,HU_T3_DboreMax_Meas_MpGood,
453,HU_T3_DboreMax_Meas_LTL,HU_T3_DboreMax_Meas_LTL_MpGood,
454,HU_T3_DboreMax_Meas_UTL,HU_T3_DboreMax_Meas_UTL_MpGood,
455,HU_T3_DboreMax_Meas_UTL_MpGood,HU_T3_DboreMax_Meas_MpGood,
456,HU_T3_DboreMax_Meas_MpGood,Sec_C0_Machine1_ProcessResult,
457,HU_T3_errorMeas,HU_T3_DboreMin_Meas,
458,HU_T3_errorMeas,HU_T3_DboreMax_Meas,
459,HU_T4_DboreMin_Meas_LTL,HU_T4_DboreMin_Meas_LTL_MpGood,
460,HU_T4_DboreMin_Meas_LTL_MpGood,HU_T4_DboreMin_Meas_MpGood,
461,HU_T4_DboreMin_Meas,HU_T4_DboreMin_Meas_LTL_MpGood,
462,HU_T4_DboreMin_Meas,HU_T4_DboreMin_Meas_UTL_MpGood,
463,HU_T4_DboreMin_Meas_UTL_MpGood,HU_T4_DboreMin_Meas_MpGood,
464,HU_T4_DboreMin_Meas_UTL,HU_T4_DboreMin_Meas_UTL_MpGood,
465,HU_T4_DboreMin_Meas_MpGood,Sec_C0_Machine1_ProcessResult,
466,HU_T4_DboreMax_Meas,HU_T4_DboreMax_Meas_LTL_MpGood,
467,HU_T4_DboreMax_Meas,HU_T4_DboreMax_Meas_UTL_MpGood,
468,HU_T4_DboreMax_Meas_LTL_MpGood,HU_T4_DboreMax_Meas_MpGood,
469,HU_T4_DboreMax_Meas_LTL,HU_T4_DboreMax_Meas_LTL_MpGood,
470,HU_T4_DboreMax_Meas_UTL_MpGood,HU_T4_DboreMax_Meas_MpGood,
471,HU_T4_DboreMax_Meas_UTL,HU_T4_DboreMax_Meas_UTL_MpGood,
472,HU_T4_DboreMax_Meas_MpGood,Sec_C0_Machine1_ProcessResult,
473,HU_T4_errorMeas,HU_T4_DboreMin_Meas,
474,HU_T4_errorMeas,HU_T4_DboreMax_Meas,
475,HU_T5_DboreMin_Meas,HU_T5_DboreMin_Meas_LTL_MpGood,
476,HU_T5_DboreMin_Meas,HU_T5_DboreMin_Meas_UTL_MpGood,
477,HU_T5_DboreMin_Meas_LTL_MpGood,HU_T5_DboreMin_Meas_MpGood,
478,HU_T5_DboreMin_Meas_LTL,HU_T5_DboreMin_Meas_LTL_MpGood,
479,HU_T5_DboreMin_Meas_UTL_MpGood,HU_T5_DboreMin_Meas_MpGood,
480,HU_T5_DboreMin_Meas_UTL,HU_T5_DboreMin_Meas_UTL_MpGood,
481,HU_T5_DboreMin_Meas_MpGood,Sec_C0_Machine2_ProcessResult,
482,HU_T5_DboreMax_Meas_LTL,HU_T5_DboreMax_Meas_LTL_MpGood,
483,HU_T5_DboreMax_Meas_LTL_MpGood,HU_T5_DboreMax_Meas_MpGood,
484,HU_T5_DboreMax_Meas,HU_T5_DboreMax_Meas_LTL_MpGood,
485,HU_T5_DboreMax_Meas,HU_T5_DboreMax_Meas_UTL_MpGood,
486,HU_T5_DboreMax_Meas_UTL,HU_T5_DboreMax_Meas_UTL_MpGood,
487,HU_T5_DboreMax_Meas_UTL_MpGood,HU_T5_DboreMax_Meas_MpGood,
488,HU_T5_DboreMax_Meas_MpGood,Sec_C0_Machine2_ProcessResult,
489,HU_T5_errorMeas,HU_T5_DboreMin_Meas,
490,HU_T5_errorMeas,HU_T5_DboreMax_Meas,
491,HU_measurement_D_machine2_sensorError,HU_T5_errorMeas,2.0
492,HU_measurement_D_machine2_sensorError,HU_T6_errorMeas,2.0
493,HU_measurement_D_machine2_sensorError,HU_T7_errorMeas,2.0
494,HU_measurement_D_machine2_sensorError,HU_T8_errorMeas,2.0
495,HU_T6_DboreMin_Meas_LTL,HU_T6_DboreMin_Meas_LTL_MpGood,
496,HU_T6_DboreMin_Meas_LTL_MpGood,HU_T6_DboreMin_Meas_MpGood,
497,HU_T6_DboreMin_Meas,HU_T6_DboreMin_Meas_LTL_MpGood,
498,HU_T6_DboreMin_Meas,HU_T6_DboreMin_Meas_UTL_MpGood,
499,HU_T6_DboreMin_Meas_UTL_MpGood,HU_T6_DboreMin_Meas_MpGood,
500,HU_T6_DboreMin_Meas_UTL,HU_T6_DboreMin_Meas_UTL_MpGood,
501,HU_T6_DboreMin_Meas_MpGood,Sec_C0_Machine2_ProcessResult,
502,HU_T6_DboreMax_Meas,HU_T6_DboreMax_Meas_LTL_MpGood,
503,HU_T6_DboreMax_Meas,HU_T6_DboreMax_Meas_UTL_MpGood,
504,HU_T6_DboreMax_Meas_LTL_MpGood,HU_T6_DboreMax_Meas_MpGood,
505,HU_T6_DboreMax_Meas_LTL,HU_T6_DboreMax_Meas_LTL_MpGood,
506,HU_T6_DboreMax_Meas_UTL,HU_T6_DboreMax_Meas_UTL_MpGood,
507,HU_T6_DboreMax_Meas_UTL_MpGood,HU_T6_DboreMax_Meas_MpGood,
508,HU_T6_DboreMax_Meas_MpGood,Sec_C0_Machine2_ProcessResult,
509,HU_T6_errorMeas,HU_T6_DboreMin_Meas,
510,HU_T6_errorMeas,HU_T6_DboreMax_Meas,
511,HU_T7_DboreMin_Meas,HU_T7_DboreMin_Meas_LTL_MpGood,
512,HU_T7_DboreMin_Meas,HU_T7_DboreMin_Meas_UTL_MpGood,
513,HU_T7_DboreMin_Meas_LTL_MpGood,HU_T7_DboreMin_Meas_MpGood,
514,HU_T7_DboreMin_Meas_LTL,HU_T7_DboreMin_Meas_LTL_MpGood,
515,HU_T7_DboreMin_Meas_UTL,HU_T7_DboreMin_Meas_UTL_MpGood,
516,HU_T7_DboreMin_Meas_UTL_MpGood,HU_T7_DboreMin_Meas_MpGood,
517,HU_T7_DboreMin_Meas_MpGood,Sec_C0_Machine2_ProcessResult,
518,HU_T7_DboreMax_Meas,HU_T7_DboreMax_Meas_LTL_MpGood,
519,HU_T7_DboreMax_Meas,HU_T7_DboreMax_Meas_UTL_MpGood,
520,HU_T7_DboreMax_Meas_LTL_MpGood,HU_T7_DboreMax_Meas_MpGood,
521,HU_T7_DboreMax_Meas_LTL,HU_T7_DboreMax_Meas_LTL_MpGood,
522,HU_T7_DboreMax_Meas_UTL_MpGood,HU_T7_DboreMax_Meas_MpGood,
523,HU_T7_DboreMax_Meas_UTL,HU_T7_DboreMax_Meas_UTL_MpGood,
524,HU_T7_DboreMax_Meas_MpGood,Sec_C0_Machine2_ProcessResult,
525,HU_T7_errorMeas,HU_T7_DboreMin_Meas,
526,HU_T7_errorMeas,HU_T7_DboreMax_Meas,
527,HU_T8_DboreMin_Meas,HU_T8_DboreMin_Meas_LTL_MpGood,
528,HU_T8_DboreMin_Meas,HU_T8_DboreMin_Meas_UTL_MpGood,
529,HU_T8_DboreMin_Meas_LTL_MpGood,HU_T8_DboreMin_Meas_MpGood,
530,HU_T8_DboreMin_Meas_LTL,HU_T8_DboreMin_Meas_LTL_MpGood,
531,HU_T8_DboreMin_Meas_UTL_MpGood,HU_T8_DboreMin_Meas_MpGood,
532,HU_T8_DboreMin_Meas_UTL,HU_T8_DboreMin_Meas_UTL_MpGood,
533,HU_T8_DboreMin_Meas_MpGood,Sec_C0_Machine2_ProcessResult,
534,HU_T8_DboreMax_Meas,HU_T8_DboreMax_Meas_LTL_MpGood,
535,HU_T8_DboreMax_Meas,HU_T8_DboreMax_Meas_UTL_MpGood,
536,HU_T8_DboreMax_Meas_LTL_MpGood,HU_T8_DboreMax_Meas_MpGood,
537,HU_T8_DboreMax_Meas_LTL,HU_T8_DboreMax_Meas_LTL_MpGood,
538,HU_T8_DboreMax_Meas_UTL,HU_T8_DboreMax_Meas_UTL_MpGood,
539,HU_T8_DboreMax_Meas_UTL_MpGood,HU_T8_DboreMax_Meas_MpGood,
540,HU_T8_DboreMax_Meas_MpGood,Sec_C0_Machine2_ProcessResult,
541,HU_T8_errorMeas,HU_T8_DboreMin_Meas,
542,HU_T8_errorMeas,HU_T8_DboreMax_Meas,
543,MV1_DmvMin_Meas_LTL,MV1_DmvMin_Meas_LTL_MpGood,
544,MV1_DmvMin_Meas_LTL_MpGood,MV1_DmvMin_Meas_MpGood,
545,MV1_DmvMin_Meas,MV1_DmvMin_Meas_LTL_MpGood,
546,MV1_DmvMin_Meas,MV1_DmvMin_Meas_UTL_MpGood,
547,MV1_DmvMin_Meas_UTL,MV1_DmvMin_Meas_UTL_MpGood,
548,MV1_DmvMin_Meas_UTL_MpGood,MV1_DmvMin_Meas_MpGood,
549,MV1_DmvMin_Meas_MpGood,Sec_C1_Machine1_ProcessResult,
550,MV1_DmvMax_Meas_LTL,MV1_DmvMax_Meas_LTL_MpGood,
551,MV1_DmvMax_Meas_LTL_MpGood,MV1_DmvMax_Meas_MpGood,
552,MV1_DmvMax_Meas,MV1_DmvMax_Meas_LTL_MpGood,
553,MV1_DmvMax_Meas,MV1_DmvMax_Meas_UTL_MpGood,
554,MV1_DmvMax_Meas_UTL,MV1_DmvMax_Meas_UTL_MpGood,
555,MV1_DmvMax_Meas_UTL_MpGood,MV1_DmvMax_Meas_MpGood,
556,MV1_DmvMax_Meas_MpGood,Sec_C1_Machine1_ProcessResult,
557,MV1_errorMeas,MV1_DmvMin_Meas,
558,MV1_errorMeas,MV1_DmvMax_Meas,
559,PSec_C1_pSection_ID_num,MV1_errorMeas,2.0
560,PSec_C1_pSection_ID_num,MV2_errorMeas,2.0
561,PSec_C1_pSection_ID_num,MV3_errorMeas,2.0
562,PSec_C1_pSection_ID_num,MV4_errorMeas,2.0
563,PSec_C1_pSection_ID_num,MV5_errorMeas,2.0
564,PSec_C1_pSection_ID_num,MV6_errorMeas,2.0
565,PSec_C1_pSection_ID_num,MV7_errorMeas,2.0
566,PSec_C1_pSection_ID_num,MV8_errorMeas,2.0
567,MV2_DmvMin_Meas,MV2_DmvMin_Meas_LTL_MpGood,
568,MV2_DmvMin_Meas,MV2_DmvMin_Meas_UTL_MpGood,
569,MV2_DmvMin_Meas_LTL_MpGood,MV2_DmvMin_Meas_MpGood,
570,MV2_DmvMin_Meas_LTL,MV2_DmvMin_Meas_LTL_MpGood,
571,MV2_DmvMin_Meas_UTL_MpGood,MV2_DmvMin_Meas_MpGood,
572,MV2_DmvMin_Meas_UTL,MV2_DmvMin_Meas_UTL_MpGood,
573,MV2_DmvMin_Meas_MpGood,Sec_C1_Machine1_ProcessResult,
574,MV2_DmvMax_Meas,MV2_DmvMax_Meas_LTL_MpGood,
575,MV2_DmvMax_Meas,MV2_DmvMax_Meas_UTL_MpGood,
576,MV2_DmvMax_Meas_LTL_MpGood,MV2_DmvMax_Meas_MpGood,
577,MV2_DmvMax_Meas_LTL,MV2_DmvMax_Meas_LTL_MpGood,
578,MV2_DmvMax_Meas_UTL,MV2_DmvMax_Meas_UTL_MpGood,
579,MV2_DmvMax_Meas_UTL_MpGood,MV2_DmvMax_Meas_MpGood,
580,MV2_DmvMax_Meas_MpGood,Sec_C1_Machine1_ProcessResult,
581,MV2_errorMeas,MV2_DmvMin_Meas,
582,MV2_errorMeas,MV2_DmvMax_Meas,
583,MV3_DmvMin_Meas,MV3_DmvMin_Meas_LTL_MpGood,
584,MV3_DmvMin_Meas,MV3_DmvMin_Meas_UTL_MpGood,
585,MV3_DmvMin_Meas_LTL_MpGood,MV3_DmvMin_Meas_MpGood,
586,MV3_DmvMin_Meas_LTL,MV3_DmvMin_Meas_LTL_MpGood,
587,MV3_DmvMin_Meas_UTL,MV3_DmvMin_Meas_UTL_MpGood,
588,MV3_DmvMin_Meas_UTL_MpGood,MV3_DmvMin_Meas_MpGood,
589,MV3_DmvMin_Meas_MpGood,Sec_C1_Machine1_ProcessResult,
590,MV3_DmvMax_Meas,MV3_DmvMax_Meas_LTL_MpGood,
591,MV3_DmvMax_Meas,MV3_DmvMax_Meas_UTL_MpGood,
592,MV3_DmvMax_Meas_LTL_MpGood,MV3_DmvMax_Meas_MpGood,
593,MV3_DmvMax_Meas_LTL,MV3_DmvMax_Meas_LTL_MpGood,
594,MV3_DmvMax_Meas_UTL,MV3_DmvMax_Meas_UTL_MpGood,
595,MV3_DmvMax_Meas_UTL_MpGood,MV3_DmvMax_Meas_MpGood,
596,MV3_DmvMax_Meas_MpGood,Sec_C1_Machine1_ProcessResult,
597,MV3_errorMeas,MV3_DmvMin_Meas,
598,MV3_errorMeas,MV3_DmvMax_Meas,
599,MV4_DmvMin_Meas,MV4_DmvMin_Meas_LTL_MpGood,
600,MV4_DmvMin_Meas,MV4_DmvMin_Meas_UTL_MpGood,
601,MV4_DmvMin_Meas_LTL_MpGood,MV4_DmvMin_Meas_MpGood,
602,MV4_DmvMin_Meas_LTL,MV4_DmvMin_Meas_LTL_MpGood,
603,MV4_DmvMin_Meas_UTL_MpGood,MV4_DmvMin_Meas_MpGood,
604,MV4_DmvMin_Meas_UTL,MV4_DmvMin_Meas_UTL_MpGood,
605,MV4_DmvMin_Meas_MpGood,Sec_C1_Machine1_ProcessResult,
606,MV4_DmvMax_Meas_LTL,MV4_DmvMax_Meas_LTL_MpGood,
607,MV4_DmvMax_Meas_LTL_MpGood,MV4_DmvMax_Meas_MpGood,
608,MV4_DmvMax_Meas,MV4_DmvMax_Meas_LTL_MpGood,
609,MV4_DmvMax_Meas,MV4_DmvMax_Meas_UTL_MpGood,
610,MV4_DmvMax_Meas_UTL,MV4_DmvMax_Meas_UTL_MpGood,
611,MV4_DmvMax_Meas_UTL_MpGood,MV4_DmvMax_Meas_MpGood,
612,MV4_DmvMax_Meas_MpGood,Sec_C1_Machine1_ProcessResult,
613,MV4_errorMeas,MV4_DmvMin_Meas,
614,MV4_errorMeas,MV4_DmvMax_Meas,
615,MV5_DmvMin_Meas_LTL,MV5_DmvMin_Meas_LTL_MpGood,
616,MV5_DmvMin_Meas_LTL_MpGood,MV5_DmvMin_Meas_MpGood,
617,MV5_DmvMin_Meas,MV5_DmvMin_Meas_LTL_MpGood,
618,MV5_DmvMin_Meas,MV5_DmvMin_Meas_UTL_MpGood,
619,MV5_DmvMin_Meas_UTL_MpGood,MV5_DmvMin_Meas_MpGood,
620,MV5_DmvMin_Meas_UTL,MV5_DmvMin_Meas_UTL_MpGood,
621,MV5_DmvMin_Meas_MpGood,Sec_C1_Machine1_ProcessResult,
622,MV5_DmvMax_Meas_LTL,MV5_DmvMax_Meas_LTL_MpGood,
623,MV5_DmvMax_Meas_LTL_MpGood,MV5_DmvMax_Meas_MpGood,
624,MV5_DmvMax_Meas,MV5_DmvMax_Meas_LTL_MpGood,
625,MV5_DmvMax_Meas,MV5_DmvMax_Meas_UTL_MpGood,
626,MV5_DmvMax_Meas_UTL,MV5_DmvMax_Meas_UTL_MpGood,
627,MV5_DmvMax_Meas_UTL_MpGood,MV5_DmvMax_Meas_MpGood,
628,MV5_DmvMax_Meas_MpGood,Sec_C1_Machine1_ProcessResult,
629,MV5_errorMeas,MV5_DmvMin_Meas,
630,MV5_errorMeas,MV5_DmvMax_Meas,
631,MV6_DmvMin_Meas,MV6_DmvMin_Meas_LTL_MpGood,
632,MV6_DmvMin_Meas,MV6_DmvMin_Meas_UTL_MpGood,
633,MV6_DmvMin_Meas_LTL_MpGood,MV6_DmvMin_Meas_MpGood,
634,MV6_DmvMin_Meas_LTL,MV6_DmvMin_Meas_LTL_MpGood,
635,MV6_DmvMin_Meas_UTL,MV6_DmvMin_Meas_UTL_MpGood,
636,MV6_DmvMin_Meas_UTL_MpGood,MV6_DmvMin_Meas_MpGood,
637,MV6_DmvMin_Meas_MpGood,Sec_C1_Machine1_ProcessResult,
638,MV6_DmvMax_Meas,MV6_DmvMax_Meas_LTL_MpGood,
639,MV6_DmvMax_Meas,MV6_DmvMax_Meas_UTL_MpGood,
640,MV6_DmvMax_Meas_LTL_MpGood,MV6_DmvMax_Meas_MpGood,
641,MV6_DmvMax_Meas_LTL,MV6_DmvMax_Meas_LTL_MpGood,
642,MV6_DmvMax_Meas_UTL_MpGood,MV6_DmvMax_Meas_MpGood,
643,MV6_DmvMax_Meas_UTL,MV6_DmvMax_Meas_UTL_MpGood,
644,MV6_DmvMax_Meas_MpGood,Sec_C1_Machine1_ProcessResult,
645,MV6_errorMeas,MV6_DmvMin_Meas,
646,MV6_errorMeas,MV6_DmvMax_Meas,
647,MV7_DmvMin_Meas,MV7_DmvMin_Meas_LTL_MpGood,
648,MV7_DmvMin_Meas,MV7_DmvMin_Meas_UTL_MpGood,
649,MV7_DmvMin_Meas_LTL_MpGood,MV7_DmvMin_Meas_MpGood,
650,MV7_DmvMin_Meas_LTL,MV7_DmvMin_Meas_LTL_MpGood,
651,MV7_DmvMin_Meas_UTL,MV7_DmvMin_Meas_UTL_MpGood,
652,MV7_DmvMin_Meas_UTL_MpGood,MV7_DmvMin_Meas_MpGood,
653,MV7_DmvMin_Meas_MpGood,Sec_C1_Machine1_ProcessResult,
654,MV7_DmvMax_Meas_LTL,MV7_DmvMax_Meas_LTL_MpGood,
655,MV7_DmvMax_Meas_LTL_MpGood,MV7_DmvMax_Meas_MpGood,
656,MV7_DmvMax_Meas,MV7_DmvMax_Meas_LTL_MpGood,
657,MV7_DmvMax_Meas,MV7_DmvMax_Meas_UTL_MpGood,
658,MV7_DmvMax_Meas_UTL_MpGood,MV7_DmvMax_Meas_MpGood,
659,MV7_DmvMax_Meas_UTL,MV7_DmvMax_Meas_UTL_MpGood,
660,MV7_DmvMax_Meas_MpGood,Sec_C1_Machine1_ProcessResult,
661,MV7_errorMeas,MV7_DmvMin_Meas,
662,MV7_errorMeas,MV7_DmvMax_Meas,
663,MV8_DmvMin_Meas_LTL,MV8_DmvMin_Meas_LTL_MpGood,
664,MV8_DmvMin_Meas_LTL_MpGood,MV8_DmvMin_Meas_MpGood,
665,MV8_DmvMin_Meas,MV8_DmvMin_Meas_LTL_MpGood,
666,MV8_DmvMin_Meas,MV8_DmvMin_Meas_UTL_MpGood,
667,MV8_DmvMin_Meas_UTL_MpGood,MV8_DmvMin_Meas_MpGood,
668,MV8_DmvMin_Meas_UTL,MV8_DmvMin_Meas_UTL_MpGood,
669,MV8_DmvMin_Meas_MpGood,Sec_C1_Machine1_ProcessResult,
670,MV8_DmvMax_Meas,MV8_DmvMax_Meas_LTL_MpGood,
671,MV8_DmvMax_Meas,MV8_DmvMax_Meas_UTL_MpGood,
672,MV8_DmvMax_Meas_LTL_MpGood,MV8_DmvMax_Meas_MpGood,
673,MV8_DmvMax_Meas_LTL,MV8_DmvMax_Meas_LTL_MpGood,
674,MV8_DmvMax_Meas_UTL_MpGood,MV8_DmvMax_Meas_MpGood,
675,MV8_DmvMax_Meas_UTL,MV8_DmvMax_Meas_UTL_MpGood,
676,MV8_DmvMax_Meas_MpGood,Sec_C1_Machine1_ProcessResult,
677,MV8_errorMeas,MV8_DmvMin_Meas,
678,MV8_errorMeas,MV8_DmvMax_Meas,
679,MV1_p0_LTL,MV1_p0_LTL_MpGood,
680,MV1_p0_LTL_MpGood,MV1_p0_MpGood,
681,MV1_p0,MV1_p0_LTL_MpGood,
682,MV1_p0,MV1_p0_UTL_MpGood,
683,MV1_p0,MV1_p,
684,MV1_p0_UTL,MV1_p0_UTL_MpGood,
685,MV1_p0_UTL_MpGood,MV1_p0_MpGood,
686,MV1_p0_MpGood,Sec_C1A_Machine2_ProcessResult,
687,MV1_p_LTL,MV1_p_LTL_MpGood,
688,MV1_p_LTL_MpGood,MV1_p_MpGood,
689,MV1_p,MV1_p_LTL_MpGood,
690,MV1_p,MV1_p_UTL_MpGood,
691,MV1_p_UTL_MpGood,MV1_p_MpGood,
692,MV1_p_UTL,MV1_p_UTL_MpGood,
693,MV1_p_MpGood,Sec_C1A_Machine2_ProcessResult,
694,MV1_AleakSum,MV1_deltaP,
695,MV1_Aleak_machine,MV1_AleakSum,
696,MV1_Vchamber_part_REF,MV1_deltaP,
697,MV1_deltaP,MV1_p,
698,MV1_Vchamber_part,MV1_deltaP,
699,PSec_C1A_pSection_ID_num,MV1_p0,2.0
700,PSec_C1A_pSection_ID_num,MV1_Aleak_machine,2.0
701,PSec_C1A_pSection_ID_num,MV2_p0,2.0
702,PSec_C1A_pSection_ID_num,MV2_Aleak_machine,2.0
703,PSec_C1A_pSection_ID_num,MV3_p0,2.0
704,PSec_C1A_pSection_ID_num,MV3_Aleak_machine,2.0
705,PSec_C1A_pSection_ID_num,MV4_p0,2.0
706,PSec_C1A_pSection_ID_num,MV4_Aleak_machine,2.0
707,PSec_C1A_pSection_ID_num,MV5_p0,2.0
708,PSec_C1A_pSection_ID_num,MV5_Aleak_machine,2.0
709,PSec_C1A_pSection_ID_num,MV6_p0,2.0
710,PSec_C1A_pSection_ID_num,MV6_Aleak_machine,2.0
711,PSec_C1A_pSection_ID_num,MV7_p0,2.0
712,PSec_C1A_pSection_ID_num,MV7_Aleak_machine,2.0
713,PSec_C1A_pSection_ID_num,MV8_p0,2.0
714,PSec_C1A_pSection_ID_num,MV8_Aleak_machine,2.0
715,MV2_p0,MV2_p0_LTL_MpGood,
716,MV2_p0,MV2_p0_UTL_MpGood,
717,MV2_p0,MV2_p,
718,MV2_p0_LTL_MpGood,MV2_p0_MpGood,
719,MV2_p0_LTL,MV2_p0_LTL_MpGood,
720,MV2_p0_UTL_MpGood,MV2_p0_MpGood,
721,MV2_p0_UTL,MV2_p0_UTL_MpGood,
722,MV2_p0_MpGood,Sec_C1A_Machine2_ProcessResult,
723,MV2_p_LTL,MV2_p_LTL_MpGood,
724,MV2_p_LTL_MpGood,MV2_p_MpGood,
725,MV2_p,MV2_p_LTL_MpGood,
726,MV2_p,MV2_p_UTL_MpGood,
727,MV2_p_UTL,MV2_p_UTL_MpGood,
728,MV2_p_UTL_MpGood,MV2_p_MpGood,
729,MV2_p_MpGood,Sec_C1A_Machine2_ProcessResult,
730,MV2_AleakSum,MV2_deltaP,
731,MV2_Aleak_machine,MV2_AleakSum,
732,MV2_Vchamber_part_REF,MV2_deltaP,
733,MV2_deltaP,MV2_p,
734,MV2_Vchamber_part,MV2_deltaP,
735,MV3_p0,MV3_p0_LTL_MpGood,
736,MV3_p0,MV3_p0_UTL_MpGood,
737,MV3_p0,MV3_p,
738,MV3_p0_LTL_MpGood,MV3_p0_MpGood,
739,MV3_p0_LTL,MV3_p0_LTL_MpGood,
740,MV3_p0_UTL_MpGood,MV3_p0_MpGood,
741,MV3_p0_UTL,MV3_p0_UTL_MpGood,
742,MV3_p0_MpGood,Sec_C1A_Machine2_ProcessResult,
743,MV3_p,MV3_p_LTL_MpGood,
744,MV3_p,MV3_p_UTL_MpGood,
745,MV3_p_LTL_MpGood,MV3_p_MpGood,
746,MV3_p_LTL,MV3_p_LTL_MpGood,
747,MV3_p_UTL_MpGood,MV3_p_MpGood,
748,MV3_p_UTL,MV3_p_UTL_MpGood,
749,MV3_p_MpGood,Sec_C1A_Machine2_ProcessResult,
750,MV3_AleakSum,MV3_deltaP,
751,MV3_Aleak_machine,MV3_AleakSum,
752,MV3_Vchamber_part_REF,MV3_deltaP,
753,MV3_deltaP,MV3_p,
754,MV3_Vchamber_part,MV3_deltaP,
755,MV4_p0_LTL,MV4_p0_LTL_MpGood,
756,MV4_p0_LTL_MpGood,MV4_p0_MpGood,
757,MV4_p0,MV4_p0_LTL_MpGood,
758,MV4_p0,MV4_p0_UTL_MpGood,
759,MV4_p0,MV4_p,
760,MV4_p0_UTL,MV4_p0_UTL_MpGood,
761,MV4_p0_UTL_MpGood,MV4_p0_MpGood,
762,MV4_p0_MpGood,Sec_C1A_Machine2_ProcessResult,
763,MV4_p_LTL,MV4_p_LTL_MpGood,
764,MV4_p_LTL_MpGood,MV4_p_MpGood,
765,MV4_p,MV4_p_LTL_MpGood,
766,MV4_p,MV4_p_UTL_MpGood,
767,MV4_p_UTL,MV4_p_UTL_MpGood,
768,MV4_p_UTL_MpGood,MV4_p_MpGood,
769,MV4_p_MpGood,Sec_C1A_Machine2_ProcessResult,
770,MV4_AleakSum,MV4_deltaP,
771,MV4_Aleak_machine,MV4_AleakSum,
772,MV4_Vchamber_part_REF,MV4_deltaP,
773,MV4_deltaP,MV4_p,
774,MV4_Vchamber_part,MV4_deltaP,
775,MV5_p0_LTL,MV5_p0_LTL_MpGood,
776,MV5_p0_LTL_MpGood,MV5_p0_MpGood,
777,MV5_p0,MV5_p0_LTL_MpGood,
778,MV5_p0,MV5_p0_UTL_MpGood,
779,MV5_p0,MV5_p,
780,MV5_p0_UTL,MV5_p0_UTL_MpGood,
781,MV5_p0_UTL_MpGood,MV5_p0_MpGood,
782,MV5_p0_MpGood,Sec_C1A_Machine2_ProcessResult,
783,MV5_p_LTL,MV5_p_LTL_MpGood,
784,MV5_p_LTL_MpGood,MV5_p_MpGood,
785,MV5_p,MV5_p_LTL_MpGood,
786,MV5_p,MV5_p_UTL_MpGood,
787,MV5_p_UTL,MV5_p_UTL_MpGood,
788,MV5_p_UTL_MpGood,MV5_p_MpGood,
789,MV5_p_MpGood,Sec_C1A_Machine2_ProcessResult,
790,MV5_AleakSum,MV5_deltaP,
791,MV5_Aleak_machine,MV5_AleakSum,
792,MV5_Vchamber_part_REF,MV5_deltaP,
793,MV5_deltaP,MV5_p,
794,MV5_Vchamber_part,MV5_deltaP,
795,MV6_p0,MV6_p0_LTL_MpGood,
796,MV6_p0,MV6_p0_UTL_MpGood,
797,MV6_p0,MV6_p,
798,MV6_p0_LTL_MpGood,MV6_p0_MpGood,
799,MV6_p0_LTL,MV6_p0_LTL_MpGood,
800,MV6_p0_UTL_MpGood,MV6_p0_MpGood,
801,MV6_p0_UTL,MV6_p0_UTL_MpGood,
802,MV6_p0_MpGood,Sec_C1A_Machine2_ProcessResult,
803,MV6_p_LTL,MV6_p_LTL_MpGood,
804,MV6_p_LTL_MpGood,MV6_p_MpGood,
805,MV6_p,MV6_p_LTL_MpGood,
806,MV6_p,MV6_p_UTL_MpGood,
807,MV6_p_UTL,MV6_p_UTL_MpGood,
808,MV6_p_UTL_MpGood,MV6_p_MpGood,
809,MV6_p_MpGood,Sec_C1A_Machine2_ProcessResult,
810,MV6_AleakSum,MV6_deltaP,
811,MV6_Aleak_machine,MV6_AleakSum,
812,MV6_Vchamber_part_REF,MV6_deltaP,
813,MV6_deltaP,MV6_p,
814,MV6_Vchamber_part,MV6_deltaP,
815,MV7_p0_LTL,MV7_p0_LTL_MpGood,
816,MV7_p0_LTL_MpGood,MV7_p0_MpGood,
817,MV7_p0,MV7_p0_LTL_MpGood,
818,MV7_p0,MV7_p0_UTL_MpGood,
819,MV7_p0,MV7_p,
820,MV7_p0_UTL,MV7_p0_UTL_MpGood,
821,MV7_p0_UTL_MpGood,MV7_p0_MpGood,
822,MV7_p0_MpGood,Sec_C1A_Machine2_ProcessResult,
823,MV7_p,MV7_p_LTL_MpGood,
824,MV7_p,MV7_p_UTL_MpGood,
825,MV7_p_LTL_MpGood,MV7_p_MpGood,
826,MV7_p_LTL,MV7_p_LTL_MpGood,
827,MV7_p_UTL_MpGood,MV7_p_MpGood,
828,MV7_p_UTL,MV7_p_UTL_MpGood,
829,MV7_p_MpGood,Sec_C1A_Machine2_ProcessResult,
830,MV7_AleakSum,MV7_deltaP,
831,MV7_Aleak_machine,MV7_AleakSum,
832,MV7_Vchamber_part_REF,MV7_deltaP,
833,MV7_deltaP,MV7_p,
834,MV7_Vchamber_part,MV7_deltaP,
835,MV8_p0,MV8_p0_LTL_MpGood,
836,MV8_p0,MV8_p0_UTL_MpGood,
837,MV8_p0,MV8_p,
838,MV8_p0_LTL_MpGood,MV8_p0_MpGood,
839,MV8_p0_LTL,MV8_p0_LTL_MpGood,
840,MV8_p0_UTL,MV8_p0_UTL_MpGood,
841,MV8_p0_UTL_MpGood,MV8_p0_MpGood,
842,MV8_p0_MpGood,Sec_C1A_Machine2_ProcessResult,
843,MV8_p_LTL,MV8_p_LTL_MpGood,
844,MV8_p_LTL_MpGood,MV8_p_MpGood,
845,MV8_p,MV8_p_LTL_MpGood,
846,MV8_p,MV8_p_UTL_MpGood,
847,MV8_p_UTL,MV8_p_UTL_MpGood,
848,MV8_p_UTL_MpGood,MV8_p_MpGood,
849,MV8_p_MpGood,Sec_C1A_Machine2_ProcessResult,
850,MV8_AleakSum,MV8_deltaP,
851,MV8_Aleak_machine,MV8_AleakSum,
852,MV8_Vchamber_part_REF,MV8_deltaP,
853,MV8_deltaP,MV8_p,
854,MV8_Vchamber_part,MV8_deltaP,
855,PF_M1_T3_s0,PF_M1_T3_s0_LTL_MpGood,
856,PF_M1_T3_s0,PF_M1_T3_s0_UTL_MpGood,
857,PF_M1_T3_s0,PF_M1_T3_sgrad,
858,PF_M1_T3_s0_LTL_MpGood,PF_M1_T3_s0_MpGood,
859,PF_M1_T3_s0_LTL,PF_M1_T3_s0_LTL_MpGood,
860,PF_M1_T3_s0_UTL_MpGood,PF_M1_T3_s0_MpGood,
861,PF_M1_T3_s0_UTL,PF_M1_T3_s0_UTL_MpGood,
862,PF_M1_T3_s0_MpGood,Sec_C2_Machine1_ProcessResult,
863,PF_M1_T3_Force,PF_M1_T3_Force_LTL_MpGood,
864,PF_M1_T3_Force,PF_M1_T3_Force_UTL_MpGood,
865,PF_M1_T3_Force,PF_M1_T3_delta_sgrad,
866,PF_M1_T3_Force,PF_M1_T3_Fmax,
867,PF_M1_T3_Force_LTL_MpGood,PF_M1_T3_Force_MpGood,
868,PF_M1_T3_Force_LTL,PF_M1_T3_Force_LTL_MpGood,
869,PF_M1_T3_Force_UTL_MpGood,PF_M1_T3_Force_MpGood,
870,PF_M1_T3_Force_UTL,PF_M1_T3_Force_UTL_MpGood,
871,PF_M1_T3_Force_MpGood,Sec_C2_Machine1_ProcessResult,
872,PF_M1_T3_sgrad_LTL,PF_M1_T3_sgrad_LTL_MpGood,
873,PF_M1_T3_sgrad_LTL_MpGood,PF_M1_T3_sgrad_MpGood,
874,PF_M1_T3_sgrad,PF_M1_T3_sgrad_LTL_MpGood,
875,PF_M1_T3_sgrad,PF_M1_T3_sgrad_UTL_MpGood,
876,PF_M1_T3_sgrad,PF_M1_T3_smax,
877,PF_M1_T3_sgrad_UTL_MpGood,PF_M1_T3_sgrad_MpGood,
878,PF_M1_T3_sgrad_UTL,PF_M1_T3_sgrad_UTL_MpGood,
879,PF_M1_T3_sgrad_MpGood,Sec_C2_Machine1_ProcessResult,
880,PF_M1_T3_Fmax_LTL,PF_M1_T3_Fmax_LTL_MpGood,
881,PF_M1_T3_Fmax_LTL_MpGood,PF_M1_T3_Fmax_MpGood,
882,PF_M1_T3_Fmax,PF_M1_T3_Fmax_LTL_MpGood,
883,PF_M1_T3_Fmax,PF_M1_T3_Fmax_UTL_MpGood,
884,PF_M1_T3_Fmax,PF_M2_T7_Force_max_deform,
885,PF_M1_T3_Fmax,PF_M2_T8_Force_max_deform,
886,PF_M1_T3_Fmax,PF_M2_T5_Force_max_deform,
887,PF_M1_T3_Fmax,PF_M2_T6_Force_max_deform,
888,PF_M1_T3_Fmax_UTL,PF_M1_T3_Fmax_UTL_MpGood,
889,PF_M1_T3_Fmax_UTL_MpGood,PF_M1_T3_Fmax_MpGood,
890,PF_M1_T3_Fmax_MpGood,Sec_C2_Machine1_ProcessResult,
891,PF_M1_T3_smax_LTL,PF_M1_T3_smax_LTL_MpGood,
892,PF_M1_T3_smax_LTL_MpGood,PF_M1_T3_smax_MpGood,
893,PF_M1_T3_smax,PF_M1_T3_smax_LTL_MpGood,
894,PF_M1_T3_smax,PF_M1_T3_smax_UTL_MpGood,
895,PF_M1_T3_smax_UTL_MpGood,PF_M1_T3_smax_MpGood,
896,PF_M1_T3_smax_UTL,PF_M1_T3_smax_UTL_MpGood,
897,PF_M1_T3_deltaD_max,PF_M1_T3_deltaD_Leak_max,
898,PF_M1_T3_deltaD_max,PF_M1_T3_deltaD_mean,
899,PF_M1_T3_deltaD_min,PF_M1_T3_deltaD_Leak_min,
900,PF_M1_T3_deltaD_min,PF_M1_T3_deltaD_mean,
901,PF_M1_KstiffMachine,PF_M1_T3_LeakTolMachine,
902,PF_M1_KstiffMachine,PF_M1_T3_Kstiff_inv,
903,PF_M1_KstiffMachine,PF_M1_T3_delta_smax,
904,PF_M1_KstiffMachine,PF_M1_T4_LeakTolMachine,
905,PF_M1_KstiffMachine,PF_M1_T4_Kstiff_inv,
906,PF_M1_KstiffMachine,PF_M1_T4_delta_smax,
907,PF_M1_KstiffMachine,PF_M1_T1_LeakTolMachine,
908,PF_M1_KstiffMachine,PF_M1_T1_Kstiff_inv,
909,PF_M1_KstiffMachine,PF_M1_T1_delta_smax,
910,PF_M1_KstiffMachine,PF_M1_T2_LeakTolMachine,
911,PF_M1_KstiffMachine,PF_M1_T2_Kstiff_inv,
912,PF_M1_KstiffMachine,PF_M1_T2_delta_smax,
913,PF_M1_T3_LeakTolMachine,PF_M1_T3_deltaD_Leak_min,
914,PF_M1_T3_LeakTolMachine,PF_M1_T3_deltaD_Leak_max,
915,PF_M1_LeakTolMachine_REF,PF_M1_T3_LeakTolMachine,
916,PF_M1_LeakTolMachine_REF,PF_M1_T4_LeakTolMachine,
917,PF_M1_LeakTolMachine_REF,PF_M1_T1_LeakTolMachine,
918,PF_M1_LeakTolMachine_REF,PF_M1_T2_LeakTolMachine,
919,PF_M1_KstiffMachine_REF,PF_M1_T3_LeakTolMachine,
920,PF_M1_KstiffMachine_REF,PF_M1_T4_LeakTolMachine,
921,PF_M1_KstiffMachine_REF,PF_M1_T1_LeakTolMachine,
922,PF_M1_KstiffMachine_REF,PF_M1_T2_LeakTolMachine,
923,PF_M1_T3_deltaD_Leak_min,PF_M1_T3_deltaD_Leak_min_ReLu,
924,PF_M1_T3_deltaD_Leak_max,PF_M1_T3_deltaD_Leak_max_ReLu,
925,PF_M1_T3_deltaD_Leak_min_ReLu,PF_M1_T3_AleakPF_deltaD,
926,PF_M1_T3_deltaD_Leak_max_ReLu,PF_M1_T3_AleakPF_deltaD,
927,PF_M1_T3_beta_asym,PF_M1_T3_AleakPF_deltaD,
928,PF_M1_T3_beta_asym,PF_M1_T3_deltaD_mean,
929,PF_M1_T3_AleakPF_deltaD,PF_M1_T3_AleakPF,
930,PF_M1_T3_AleakPF,PF_M1_T3_AleakBore,
931,PF_M1_T3_AleakPF,HU_Ch2_T3_AleakPF,
932,PF_M1_T3_AleakPF_deltaD_REF,PF_M1_T3_AleakPF,
933,PF_M1_T3_AleakPF_REF,PF_M1_T3_AleakPF,
934,PF_M1_T3_deltaD_mean,PF_M1_T3_KstiffPF,
935,PF_M1_T3_E_eff_inv,PF_M1_T3_E_eff,
936,PF_M1_T3_E_eff,PF_M1_T3_KstiffPF,
937,PF_M1_T3_KstiffPF,PF_M1_T3_Kstiff_inv,
938,PF_M1_T3_KstiffPF,PF_M1_T3_Force,
939,PF_M1_T3_KstiffPF_Ref,PF_M1_T3_KstiffPF,
940,PF_M1_T3_KstiffPF_deltaD_Ref,PF_M1_T3_KstiffPF,
941,PF_M1_T3_KstiffPF_E_Ref,PF_M1_T3_KstiffPF,
942,PF_M1_T3_Kstiff_inv,PF_M1_T3_Kstiff,
943,PF_M1_T3_Kstiff,PF_M1_T3_delta_sgrad,
944,PF_M1_T3_delta_sgrad,PF_M1_T3_sgrad,
945,PF_M1_T3_delta_Ftrigger_stop,PF_M1_T3_Fmax,
946,PF_M1_T3_delta_Ftrigger_stop,PF_M1_T3_delta_smax,
947,PF_M1_T3_delta_smax,PF_M1_T3_smax,
948,PSec_C2_pSection_ID_num,PF_M1_T3_s0,2.0
949,PSec_C2_pSection_ID_num,PF_M1_KstiffMachine,2.0
950,PSec_C2_pSection_ID_num,PF_M1_KstiffMachine_REF,2.0
951,PSec_C2_pSection_ID_num,PF_M1_LeakTolMachine_REF,2.0
952,PSec_C2_pSection_ID_num,PF_M1_T3_delta_Ftrigger_stop,2.0
953,PSec_C2_pSection_ID_num,PF_M1_T4_s0,2.0
954,PSec_C2_pSection_ID_num,PF_M1_T4_delta_Ftrigger_stop,2.0
955,PSec_C2_pSection_ID_num,PF_M1_T1_s0,2.0
956,PSec_C2_pSection_ID_num,PF_M1_T1_delta_Ftrigger_stop,2.0
957,PSec_C2_pSection_ID_num,PF_M1_T2_s0,2.0
958,PSec_C2_pSection_ID_num,PF_M1_T2_delta_Ftrigger_stop,2.0
959,PSec_C2_pSection_ID_num,PF_M2_LeakTolMachine_0_Deform,2.0
960,PSec_C2_pSection_ID_num,PF_M2_LeakTolMachine_REF_Deform,2.0
961,PSec_C2_pSection_ID_num,PF_M2_delta_Force_REF_Deform,2.0
962,PSec_C2_pSection_ID_num,PF_M2_T7_s0,2.0
963,PSec_C2_pSection_ID_num,PF_M2_KstiffMachine,2.0
964,PSec_C2_pSection_ID_num,PF_M2_KstiffMachine_REF,2.0
965,PSec_C2_pSection_ID_num,PF_M2_T7_delta_Ftrigger_stop,2.0
966,PSec_C2_pSection_ID_num,PF_M2_T8_s0,2.0
967,PSec_C2_pSection_ID_num,PF_M2_T8_delta_Ftrigger_stop,2.0
968,PSec_C2_pSection_ID_num,PF_M2_T5_s0,2.0
969,PSec_C2_pSection_ID_num,PF_M2_T5_delta_Ftrigger_stop,2.0
970,PSec_C2_pSection_ID_num,PF_M2_T6_s0,2.0
971,PSec_C2_pSection_ID_num,PF_M2_T6_delta_Ftrigger_stop,2.0
972,PF_M1_T4_s0_LTL,PF_M1_T4_s0_LTL_MpGood,
973,PF_M1_T4_s0_LTL_MpGood,PF_M1_T4_s0_MpGood,
974,PF_M1_T4_s0,PF_M1_T4_s0_LTL_MpGood,
975,PF_M1_T4_s0,PF_M1_T4_s0_UTL_MpGood,
976,PF_M1_T4_s0,PF_M1_T4_sgrad,
977,PF_M1_T4_s0_UTL_MpGood,PF_M1_T4_s0_MpGood,
978,PF_M1_T4_s0_UTL,PF_M1_T4_s0_UTL_MpGood,
979,PF_M1_T4_s0_MpGood,Sec_C2_Machine1_ProcessResult,
980,PF_M1_T4_Force,PF_M1_T4_Force_LTL_MpGood,
981,PF_M1_T4_Force,PF_M1_T4_Force_UTL_MpGood,
982,PF_M1_T4_Force,PF_M1_T4_delta_sgrad,
983,PF_M1_T4_Force,PF_M1_T4_Fmax,
984,PF_M1_T4_Force_LTL_MpGood,PF_M1_T4_Force_MpGood,
985,PF_M1_T4_Force_LTL,PF_M1_T4_Force_LTL_MpGood,
986,PF_M1_T4_Force_UTL,PF_M1_T4_Force_UTL_MpGood,
987,PF_M1_T4_Force_UTL_MpGood,PF_M1_T4_Force_MpGood,
988,PF_M1_T4_Force_MpGood,Sec_C2_Machine1_ProcessResult,
989,PF_M1_T4_sgrad,PF_M1_T4_sgrad_LTL_MpGood,
990,PF_M1_T4_sgrad,PF_M1_T4_sgrad_UTL_MpGood,
991,PF_M1_T4_sgrad,PF_M1_T4_smax,
992,PF_M1_T4_sgrad_LTL_MpGood,PF_M1_T4_sgrad_MpGood,
993,PF_M1_T4_sgrad_LTL,PF_M1_T4_sgrad_LTL_MpGood,
994,PF_M1_T4_sgrad_UTL_MpGood,PF_M1_T4_sgrad_MpGood,
995,PF_M1_T4_sgrad_UTL,PF_M1_T4_sgrad_UTL_MpGood,
996,PF_M1_T4_sgrad_MpGood,Sec_C2_Machine1_ProcessResult,
997,PF_M1_T4_Fmax_LTL,PF_M1_T4_Fmax_LTL_MpGood,
998,PF_M1_T4_Fmax_LTL_MpGood,PF_M1_T4_Fmax_MpGood,
999,PF_M1_T4_Fmax,PF_M1_T4_Fmax_LTL_MpGood,
1000,PF_M1_T4_Fmax,PF_M1_T4_Fmax_UTL_MpGood,
1001,PF_M1_T4_Fmax,PF_M2_T7_Force_max_deform,
1002,PF_M1_T4_Fmax,PF_M2_T8_Force_max_deform,
1003,PF_M1_T4_Fmax,PF_M2_T5_Force_max_deform,
1004,PF_M1_T4_Fmax,PF_M2_T6_Force_max_deform,
1005,PF_M1_T4_Fmax_UTL,PF_M1_T4_Fmax_UTL_MpGood,
1006,PF_M1_T4_Fmax_UTL_MpGood,PF_M1_T4_Fmax_MpGood,
1007,PF_M1_T4_Fmax_MpGood,Sec_C2_Machine1_ProcessResult,
1008,PF_M1_T4_smax,PF_M1_T4_smax_LTL_MpGood,
1009,PF_M1_T4_smax,PF_M1_T4_smax_UTL_MpGood,
1010,PF_M1_T4_smax_LTL_MpGood,PF_M1_T4_smax_MpGood,
1011,PF_M1_T4_smax_LTL,PF_M1_T4_smax_LTL_MpGood,
1012,PF_M1_T4_smax_UTL_MpGood,PF_M1_T4_smax_MpGood,
1013,PF_M1_T4_smax_UTL,PF_M1_T4_smax_UTL_MpGood,
1014,PF_M1_T4_deltaD_max,PF_M1_T4_deltaD_Leak_max,
1015,PF_M1_T4_deltaD_max,PF_M1_T4_deltaD_mean,
1016,PF_M1_T4_deltaD_min,PF_M1_T4_deltaD_Leak_min,
1017,PF_M1_T4_deltaD_min,PF_M1_T4_deltaD_mean,
1018,PF_M1_T4_LeakTolMachine,PF_M1_T4_deltaD_Leak_min,
1019,PF_M1_T4_LeakTolMachine,PF_M1_T4_deltaD_Leak_max,
1020,PF_M1_T4_deltaD_Leak_min,PF_M1_T4_deltaD_Leak_min_ReLu,
1021,PF_M1_T4_deltaD_Leak_max,PF_M1_T4_deltaD_Leak_max_ReLu,
1022,PF_M1_T4_deltaD_Leak_min_ReLu,PF_M1_T4_AleakPF_deltaD,
1023,PF_M1_T4_deltaD_Leak_max_ReLu,PF_M1_T4_AleakPF_deltaD,
1024,PF_M1_T4_beta_asym,PF_M1_T4_AleakPF_deltaD,
1025,PF_M1_T4_beta_asym,PF_M1_T4_deltaD_mean,
1026,PF_M1_T4_AleakPF_deltaD,PF_M1_T4_AleakPF,
1027,PF_M1_T4_AleakPF,PF_M1_T4_AleakBore,
1028,PF_M1_T4_AleakPF,HU_Ch2_T4_AleakPF,
1029,PF_M1_T4_AleakPF_deltaD_REF,PF_M1_T4_AleakPF,
1030,PF_M1_T4_AleakPF_REF,PF_M1_T4_AleakPF,
1031,PF_M1_T4_deltaD_mean,PF_M1_T4_KstiffPF,
1032,PF_M1_T4_E_eff_inv,PF_M1_T4_E_eff,
1033,PF_M1_T4_E_eff,PF_M1_T4_KstiffPF,
1034,PF_M1_T4_KstiffPF,PF_M1_T4_Kstiff_inv,
1035,PF_M1_T4_KstiffPF,PF_M1_T4_Force,
1036,PF_M1_T4_KstiffPF_Ref,PF_M1_T4_KstiffPF,
1037,PF_M1_T4_KstiffPF_deltaD_Ref,PF_M1_T4_KstiffPF,
1038,PF_M1_T4_KstiffPF_E_Ref,PF_M1_T4_KstiffPF,
1039,PF_M1_T4_Kstiff_inv,PF_M1_T4_Kstiff,
1040,PF_M1_T4_Kstiff,PF_M1_T4_delta_sgrad,
1041,PF_M1_T4_delta_sgrad,PF_M1_T4_sgrad,
1042,PF_M1_T4_delta_Ftrigger_stop,PF_M1_T4_Fmax,
1043,PF_M1_T4_delta_Ftrigger_stop,PF_M1_T4_delta_smax,
1044,PF_M1_T4_delta_smax,PF_M1_T4_smax,
1045,PF_M1_T1_s0,PF_M1_T1_s0_LTL_MpGood,
1046,PF_M1_T1_s0,PF_M1_T1_s0_UTL_MpGood,
1047,PF_M1_T1_s0,PF_M1_T1_sgrad,
1048,PF_M1_T1_s0_LTL_MpGood,PF_M1_T1_s0_MpGood,
1049,PF_M1_T1_s0_LTL,PF_M1_T1_s0_LTL_MpGood,
1050,PF_M1_T1_s0_UTL,PF_M1_T1_s0_UTL_MpGood,
1051,PF_M1_T1_s0_UTL_MpGood,PF_M1_T1_s0_MpGood,
1052,PF_M1_T1_s0_MpGood,Sec_C2_Machine1_ProcessResult,
1053,PF_M1_T1_Force,PF_M1_T1_Force_LTL_MpGood,
1054,PF_M1_T1_Force,PF_M1_T1_Force_UTL_MpGood,
1055,PF_M1_T1_Force,PF_M1_T1_delta_sgrad,
1056,PF_M1_T1_Force,PF_M1_T1_Fmax,
1057,PF_M1_T1_Force_LTL_MpGood,PF_M1_T1_Force_MpGood,
1058,PF_M1_T1_Force_LTL,PF_M1_T1_Force_LTL_MpGood,
1059,PF_M1_T1_Force_UTL_MpGood,PF_M1_T1_Force_MpGood,
1060,PF_M1_T1_Force_UTL,PF_M1_T1_Force_UTL_MpGood,
1061,PF_M1_T1_Force_MpGood,Sec_C2_Machine1_ProcessResult,
1062,PF_M1_T1_sgrad_LTL,PF_M1_T1_sgrad_LTL_MpGood,
1063,PF_M1_T1_sgrad_LTL_MpGood,PF_M1_T1_sgrad_MpGood,
1064,PF_M1_T1_sgrad,PF_M1_T1_sgrad_LTL_MpGood,
1065,PF_M1_T1_sgrad,PF_M1_T1_sgrad_UTL_MpGood,
1066,PF_M1_T1_sgrad,PF_M1_T1_smax,
1067,PF_M1_T1_sgrad_UTL,PF_M1_T1_sgrad_UTL_MpGood,
1068,PF_M1_T1_sgrad_UTL_MpGood,PF_M1_T1_sgrad_MpGood,
1069,PF_M1_T1_sgrad_MpGood,Sec_C2_Machine1_ProcessResult,
1070,PF_M1_T1_Fmax,PF_M1_T1_Fmax_LTL_MpGood,
1071,PF_M1_T1_Fmax,PF_M1_T1_Fmax_UTL_MpGood,
1072,PF_M1_T1_Fmax,PF_M2_T7_Force_max_deform,
1073,PF_M1_T1_Fmax,PF_M2_T8_Force_max_deform,
1074,PF_M1_T1_Fmax,PF_M2_T5_Force_max_deform,
1075,PF_M1_T1_Fmax,PF_M2_T6_Force_max_deform,
1076,PF_M1_T1_Fmax_LTL_MpGood,PF_M1_T1_Fmax_MpGood,
1077,PF_M1_T1_Fmax_LTL,PF_M1_T1_Fmax_LTL_MpGood,
1078,PF_M1_T1_Fmax_UTL_MpGood,PF_M1_T1_Fmax_MpGood,
1079,PF_M1_T1_Fmax_UTL,PF_M1_T1_Fmax_UTL_MpGood,
1080,PF_M1_T1_Fmax_MpGood,Sec_C2_Machine1_ProcessResult,
1081,PF_M1_T1_smax,PF_M1_T1_smax_LTL_MpGood,
1082,PF_M1_T1_smax,PF_M1_T1_smax_UTL_MpGood,
1083,PF_M1_T1_smax_LTL_MpGood,PF_M1_T1_smax_MpGood,
1084,PF_M1_T1_smax_LTL,PF_M1_T1_smax_LTL_MpGood,
1085,PF_M1_T1_smax_UTL_MpGood,PF_M1_T1_smax_MpGood,
1086,PF_M1_T1_smax_UTL,PF_M1_T1_smax_UTL_MpGood,
1087,PF_M1_T1_deltaD_max,PF_M1_T1_deltaD_Leak_max,
1088,PF_M1_T1_deltaD_max,PF_M1_T1_deltaD_mean,
1089,PF_M1_T1_deltaD_min,PF_M1_T1_deltaD_Leak_min,
1090,PF_M1_T1_deltaD_min,PF_M1_T1_deltaD_mean,
1091,PF_M1_T1_LeakTolMachine,PF_M1_T1_deltaD_Leak_min,
1092,PF_M1_T1_LeakTolMachine,PF_M1_T1_deltaD_Leak_max,
1093,PF_M1_T1_deltaD_Leak_min,PF_M1_T1_deltaD_Leak_min_ReLu,
1094,PF_M1_T1_deltaD_Leak_max,PF_M1_T1_deltaD_Leak_max_ReLu,
1095,PF_M1_T1_deltaD_Leak_min_ReLu,PF_M1_T1_AleakPF_deltaD,
1096,PF_M1_T1_deltaD_Leak_max_ReLu,PF_M1_T1_AleakPF_deltaD,
1097,PF_M1_T1_beta_asym,PF_M1_T1_AleakPF_deltaD,
1098,PF_M1_T1_beta_asym,PF_M1_T1_deltaD_mean,
1099,PF_M1_T1_AleakPF_deltaD,PF_M1_T1_AleakPF,
1100,PF_M1_T1_AleakPF,PF_M1_T1_AleakBore,
1101,PF_M1_T1_AleakPF,HU_Ch1_T1_AleakPF,
1102,PF_M1_T1_AleakPF_deltaD_REF,PF_M1_T1_AleakPF,
1103,PF_M1_T1_AleakPF_REF,PF_M1_T1_AleakPF,
1104,PF_M1_T1_deltaD_mean,PF_M1_T1_KstiffPF,
1105,PF_M1_T1_E_eff_inv,PF_M1_T1_E_eff,
1106,PF_M1_T1_E_eff,PF_M1_T1_KstiffPF,
1107,PF_M1_T1_KstiffPF,PF_M1_T1_Kstiff_inv,
1108,PF_M1_T1_KstiffPF,PF_M1_T1_Force,
1109,PF_M1_T1_KstiffPF_Ref,PF_M1_T1_KstiffPF,
1110,PF_M1_T1_KstiffPF_deltaD_Ref,PF_M1_T1_KstiffPF,
1111,PF_M1_T1_KstiffPF_E_Ref,PF_M1_T1_KstiffPF,
1112,PF_M1_T1_Kstiff_inv,PF_M1_T1_Kstiff,
1113,PF_M1_T1_Kstiff,PF_M1_T1_delta_sgrad,
1114,PF_M1_T1_delta_sgrad,PF_M1_T1_sgrad,
1115,PF_M1_T1_delta_Ftrigger_stop,PF_M1_T1_Fmax,
1116,PF_M1_T1_delta_Ftrigger_stop,PF_M1_T1_delta_smax,
1117,PF_M1_T1_delta_smax,PF_M1_T1_smax,
1118,PF_M1_T2_s0,PF_M1_T2_s0_LTL_MpGood,
1119,PF_M1_T2_s0,PF_M1_T2_s0_UTL_MpGood,
1120,PF_M1_T2_s0,PF_M1_T2_sgrad,
1121,PF_M1_T2_s0_LTL_MpGood,PF_M1_T2_s0_MpGood,
1122,PF_M1_T2_s0_LTL,PF_M1_T2_s0_LTL_MpGood,
1123,PF_M1_T2_s0_UTL_MpGood,PF_M1_T2_s0_MpGood,
1124,PF_M1_T2_s0_UTL,PF_M1_T2_s0_UTL_MpGood,
1125,PF_M1_T2_s0_MpGood,Sec_C2_Machine1_ProcessResult,
1126,PF_M1_T2_Force,PF_M1_T2_Force_LTL_MpGood,
1127,PF_M1_T2_Force,PF_M1_T2_Force_UTL_MpGood,
1128,PF_M1_T2_Force,PF_M1_T2_delta_sgrad,
1129,PF_M1_T2_Force,PF_M1_T2_Fmax,
1130,PF_M1_T2_Force_LTL_MpGood,PF_M1_T2_Force_MpGood,
1131,PF_M1_T2_Force_LTL,PF_M1_T2_Force_LTL_MpGood,
1132,PF_M1_T2_Force_UTL_MpGood,PF_M1_T2_Force_MpGood,
1133,PF_M1_T2_Force_UTL,PF_M1_T2_Force_UTL_MpGood,
1134,PF_M1_T2_Force_MpGood,Sec_C2_Machine1_ProcessResult,
1135,PF_M1_T2_sgrad_LTL,PF_M1_T2_sgrad_LTL_MpGood,
1136,PF_M1_T2_sgrad_LTL_MpGood,PF_M1_T2_sgrad_MpGood,
1137,PF_M1_T2_sgrad,PF_M1_T2_sgrad_LTL_MpGood,
1138,PF_M1_T2_sgrad,PF_M1_T2_sgrad_UTL_MpGood,
1139,PF_M1_T2_sgrad,PF_M1_T2_smax,
1140,PF_M1_T2_sgrad_UTL,PF_M1_T2_sgrad_UTL_MpGood,
1141,PF_M1_T2_sgrad_UTL_MpGood,PF_M1_T2_sgrad_MpGood,
1142,PF_M1_T2_sgrad_MpGood,Sec_C2_Machine1_ProcessResult,
1143,PF_M1_T2_Fmax,PF_M1_T2_Fmax_LTL_MpGood,
1144,PF_M1_T2_Fmax,PF_M1_T2_Fmax_UTL_MpGood,
1145,PF_M1_T2_Fmax,PF_M2_T7_Force_max_deform,
1146,PF_M1_T2_Fmax,PF_M2_T8_Force_max_deform,
1147,PF_M1_T2_Fmax,PF_M2_T5_Force_max_deform,
1148,PF_M1_T2_Fmax,PF_M2_T6_Force_max_deform,
1149,PF_M1_T2_Fmax_LTL_MpGood,PF_M1_T2_Fmax_MpGood,
1150,PF_M1_T2_Fmax_LTL,PF_M1_T2_Fmax_LTL_MpGood,
1151,PF_M1_T2_Fmax_UTL_MpGood,PF_M1_T2_Fmax_MpGood,
1152,PF_M1_T2_Fmax_UTL,PF_M1_T2_Fmax_UTL_MpGood,
1153,PF_M1_T2_Fmax_MpGood,Sec_C2_Machine1_ProcessResult,
1154,PF_M1_T2_smax_LTL,PF_M1_T2_smax_LTL_MpGood,
1155,PF_M1_T2_smax_LTL_MpGood,PF_M1_T2_smax_MpGood,
1156,PF_M1_T2_smax,PF_M1_T2_smax_LTL_MpGood,
1157,PF_M1_T2_smax,PF_M1_T2_smax_UTL_MpGood,
1158,PF_M1_T2_smax_UTL,PF_M1_T2_smax_UTL_MpGood,
1159,PF_M1_T2_smax_UTL_MpGood,PF_M1_T2_smax_MpGood,
1160,PF_M1_T2_deltaD_max,PF_M1_T2_deltaD_Leak_max,
1161,PF_M1_T2_deltaD_max,PF_M1_T2_deltaD_mean,
1162,PF_M1_T2_deltaD_min,PF_M1_T2_deltaD_Leak_min,
1163,PF_M1_T2_deltaD_min,PF_M1_T2_deltaD_mean,
1164,PF_M1_T2_LeakTolMachine,PF_M1_T2_deltaD_Leak_min,
1165,PF_M1_T2_LeakTolMachine,PF_M1_T2_deltaD_Leak_max,
1166,PF_M1_T2_deltaD_Leak_min,PF_M1_T2_deltaD_Leak_min_ReLu,
1167,PF_M1_T2_deltaD_Leak_max,PF_M1_T2_deltaD_Leak_max_ReLu,
1168,PF_M1_T2_deltaD_Leak_min_ReLu,PF_M1_T2_AleakPF_deltaD,
1169,PF_M1_T2_deltaD_Leak_max_ReLu,PF_M1_T2_AleakPF_deltaD,
1170,PF_M1_T2_beta_asym,PF_M1_T2_AleakPF_deltaD,
1171,PF_M1_T2_beta_asym,PF_M1_T2_deltaD_mean,
1172,PF_M1_T2_AleakPF_deltaD,PF_M1_T2_AleakPF,
1173,PF_M1_T2_AleakPF,PF_M1_T2_AleakBore,
1174,PF_M1_T2_AleakPF,HU_Ch1_T2_AleakPF,
1175,PF_M1_T2_AleakPF_deltaD_REF,PF_M1_T2_AleakPF,
1176,PF_M1_T2_AleakPF_REF,PF_M1_T2_AleakPF,
1177,PF_M1_T2_deltaD_mean,PF_M1_T2_KstiffPF,
1178,PF_M1_T2_E_eff_inv,PF_M1_T2_E_eff,
1179,PF_M1_T2_E_eff,PF_M1_T2_KstiffPF,
1180,PF_M1_T2_KstiffPF,PF_M1_T2_Kstiff_inv,
1181,PF_M1_T2_KstiffPF,PF_M1_T2_Force,
1182,PF_M1_T2_KstiffPF_Ref,PF_M1_T2_KstiffPF,
1183,PF_M1_T2_KstiffPF_deltaD_Ref,PF_M1_T2_KstiffPF,
1184,PF_M1_T2_KstiffPF_E_Ref,PF_M1_T2_KstiffPF,
1185,PF_M1_T2_Kstiff_inv,PF_M1_T2_Kstiff,
1186,PF_M1_T2_Kstiff,PF_M1_T2_delta_sgrad,
1187,PF_M1_T2_delta_sgrad,PF_M1_T2_sgrad,
1188,PF_M1_T2_delta_Ftrigger_stop,PF_M1_T2_Fmax,
1189,PF_M1_T2_delta_Ftrigger_stop,PF_M1_T2_delta_smax,
1190,PF_M1_T2_delta_smax,PF_M1_T2_smax,
1191,PF_M2_T7_s0,PF_M2_T7_s0_LTL_MpGood,
1192,PF_M2_T7_s0,PF_M2_T7_s0_UTL_MpGood,
1193,PF_M2_T7_s0,PF_M2_T7_sgrad,
1194,PF_M2_T7_s0_LTL_MpGood,PF_M2_T7_s0_MpGood,
1195,PF_M2_T7_s0_LTL,PF_M2_T7_s0_LTL_MpGood,
1196,PF_M2_T7_s0_UTL,PF_M2_T7_s0_UTL_MpGood,
1197,PF_M2_T7_s0_UTL_MpGood,PF_M2_T7_s0_MpGood,
1198,PF_M2_T7_s0_MpGood,Sec_C2_Machine2_ProcessResult,
1199,PF_M2_T7_Force,PF_M2_T7_Force_LTL_MpGood,
1200,PF_M2_T7_Force,PF_M2_T7_Force_UTL_MpGood,
1201,PF_M2_T7_Force,PF_M2_T7_delta_sgrad,
1202,PF_M2_T7_Force,PF_M2_T7_Fmax,
1203,PF_M2_T7_Force_LTL_MpGood,PF_M2_T7_Force_MpGood,
1204,PF_M2_T7_Force_LTL,PF_M2_T7_Force_LTL_MpGood,
1205,PF_M2_T7_Force_UTL_MpGood,PF_M2_T7_Force_MpGood,
1206,PF_M2_T7_Force_UTL,PF_M2_T7_Force_UTL_MpGood,
1207,PF_M2_T7_Force_MpGood,Sec_C2_Machine2_ProcessResult,
1208,PF_M2_T7_sgrad,PF_M2_T7_sgrad_LTL_MpGood,
1209,PF_M2_T7_sgrad,PF_M2_T7_sgrad_UTL_MpGood,
1210,PF_M2_T7_sgrad,PF_M2_T7_smax,
1211,PF_M2_T7_sgrad_LTL_MpGood,PF_M2_T7_sgrad_MpGood,
1212,PF_M2_T7_sgrad_LTL,PF_M2_T7_sgrad_LTL_MpGood,
1213,PF_M2_T7_sgrad_UTL_MpGood,PF_M2_T7_sgrad_MpGood,
1214,PF_M2_T7_sgrad_UTL,PF_M2_T7_sgrad_UTL_MpGood,
1215,PF_M2_T7_sgrad_MpGood,Sec_C2_Machine2_ProcessResult,
1216,PF_M2_T7_Fmax,PF_M2_T7_Fmax_LTL_MpGood,
1217,PF_M2_T7_Fmax,PF_M2_T7_Fmax_UTL_MpGood,
1218,PF_M2_T7_Fmax_LTL_MpGood,PF_M2_T7_Fmax_MpGood,
1219,PF_M2_T7_Fmax_LTL,PF_M2_T7_Fmax_LTL_MpGood,
1220,PF_M2_T7_Fmax_UTL_MpGood,PF_M2_T7_Fmax_MpGood,
1221,PF_M2_T7_Fmax_UTL,PF_M2_T7_Fmax_UTL_MpGood,
1222,PF_M2_T7_Fmax_MpGood,Sec_C2_Machine2_ProcessResult,
1223,PF_M2_T7_smax_LTL,PF_M2_T7_smax_LTL_MpGood,
1224,PF_M2_T7_smax_LTL_MpGood,PF_M2_T7_smax_MpGood,
1225,PF_M2_T7_smax,PF_M2_T7_smax_LTL_MpGood,
1226,PF_M2_T7_smax,PF_M2_T7_smax_UTL_MpGood,
1227,PF_M2_T7_smax_UTL,PF_M2_T7_smax_UTL_MpGood,
1228,PF_M2_T7_smax_UTL_MpGood,PF_M2_T7_smax_MpGood,
1229,PF_M2_T7_Force_max_deform,PF_M2_T7_delta_Force_Deform,
1230,PF_M2_T7_delta_Force_Deform,PF_M2_T7_delta_Force_ReLu,
1231,PF_M2_T7_delta_Force_ReLu,PF_M2_T7_LeakTolMachine_REF,
1232,PF_M2_LeakTolMachine_REF_Deform,PF_M2_T7_LeakTolMachine_REF,
1233,PF_M2_LeakTolMachine_REF_Deform,PF_M2_T8_LeakTolMachine_REF,
1234,PF_M2_LeakTolMachine_REF_Deform,PF_M2_T5_LeakTolMachine_REF,
1235,PF_M2_LeakTolMachine_REF_Deform,PF_M2_T6_LeakTolMachine_REF,
1236,PF_M2_T7_LeakTolMachine_REF,PF_M2_T7_LeakTolMachine,
1237,PF_M2_LeakTolMachine_0_Deform,PF_M2_T7_LeakTolMachine_REF,
1238,PF_M2_LeakTolMachine_0_Deform,PF_M2_T8_LeakTolMachine_REF,
1239,PF_M2_LeakTolMachine_0_Deform,PF_M2_T5_LeakTolMachine_REF,
1240,PF_M2_LeakTolMachine_0_Deform,PF_M2_T6_LeakTolMachine_REF,
1241,PF_M2_delta_Force_REF_Deform,PF_M2_T7_LeakTolMachine_REF,
1242,PF_M2_delta_Force_REF_Deform,PF_M2_T8_LeakTolMachine_REF,
1243,PF_M2_delta_Force_REF_Deform,PF_M2_T5_LeakTolMachine_REF,
1244,PF_M2_delta_Force_REF_Deform,PF_M2_T6_LeakTolMachine_REF,
1245,PF_M2_T7_deltaD_max,PF_M2_T7_deltaD_Leak_max,
1246,PF_M2_T7_deltaD_max,PF_M2_T7_deltaD_mean,
1247,PF_M2_T7_deltaD_min,PF_M2_T7_deltaD_Leak_min,
1248,PF_M2_T7_deltaD_min,PF_M2_T7_deltaD_mean,
1249,PF_M2_KstiffMachine,PF_M2_T7_LeakTolMachine,
1250,PF_M2_KstiffMachine,PF_M2_T7_Kstiff_inv,
1251,PF_M2_KstiffMachine,PF_M2_T7_delta_smax,
1252,PF_M2_KstiffMachine,PF_M2_T8_LeakTolMachine,
1253,PF_M2_KstiffMachine,PF_M2_T8_Kstiff_inv,
1254,PF_M2_KstiffMachine,PF_M2_T8_delta_smax,
1255,PF_M2_KstiffMachine,PF_M2_T5_LeakTolMachine,
1256,PF_M2_KstiffMachine,PF_M2_T5_Kstiff_inv,
1257,PF_M2_KstiffMachine,PF_M2_T5_delta_smax,
1258,PF_M2_KstiffMachine,PF_M2_T6_LeakTolMachine,
1259,PF_M2_KstiffMachine,PF_M2_T6_Kstiff_inv,
1260,PF_M2_KstiffMachine,PF_M2_T6_delta_smax,
1261,PF_M2_T7_LeakTolMachine,PF_M2_T7_deltaD_Leak_min,
1262,PF_M2_T7_LeakTolMachine,PF_M2_T7_deltaD_Leak_max,
1263,PF_M2_KstiffMachine_REF,PF_M2_T7_LeakTolMachine,
1264,PF_M2_KstiffMachine_REF,PF_M2_T8_LeakTolMachine,
1265,PF_M2_KstiffMachine_REF,PF_M2_T5_LeakTolMachine,
1266,PF_M2_KstiffMachine_REF,PF_M2_T6_LeakTolMachine,
1267,PF_M2_T7_deltaD_Leak_min,PF_M2_T7_deltaD_Leak_min_ReLu,
1268,PF_M2_T7_deltaD_Leak_max,PF_M2_T7_deltaD_Leak_max_ReLu,
1269,PF_M2_T7_deltaD_Leak_min_ReLu,PF_M2_T7_AleakPF_deltaD,
1270,PF_M2_T7_deltaD_Leak_max_ReLu,PF_M2_T7_AleakPF_deltaD,
1271,PF_M2_T7_beta_asym,PF_M2_T7_AleakPF_deltaD,
1272,PF_M2_T7_beta_asym,PF_M2_T7_deltaD_mean,
1273,PF_M2_T7_AleakPF_deltaD,PF_M2_T7_AleakPF,
1274,PF_M2_T7_AleakPF,PF_M2_T7_AleakBore,
1275,PF_M2_T7_AleakPF,HU_Ch4_T7_AleakPF,
1276,PF_M2_T7_AleakPF_deltaD_REF,PF_M2_T7_AleakPF,
1277,PF_M2_T7_AleakPF_REF,PF_M2_T7_AleakPF,
1278,PF_M2_T7_deltaD_mean,PF_M2_T7_KstiffPF,
1279,PF_M2_T7_E_eff_inv,PF_M2_T7_E_eff,
1280,PF_M2_T7_E_eff,PF_M2_T7_KstiffPF,
1281,PF_M2_T7_KstiffPF,PF_M2_T7_Kstiff_inv,
1282,PF_M2_T7_KstiffPF,PF_M2_T7_Force,
1283,PF_M2_T7_KstiffPF_Ref,PF_M2_T7_KstiffPF,
1284,PF_M2_T7_KstiffPF_deltaD_Ref,PF_M2_T7_KstiffPF,
1285,PF_M2_T7_KstiffPF_E_Ref,PF_M2_T7_KstiffPF,
1286,PF_M2_T7_Kstiff_inv,PF_M2_T7_Kstiff,
1287,PF_M2_T7_Kstiff,PF_M2_T7_delta_sgrad,
1288,PF_M2_T7_delta_sgrad,PF_M2_T7_sgrad,
1289,PF_M2_T7_delta_Ftrigger_stop,PF_M2_T7_Fmax,
1290,PF_M2_T7_delta_Ftrigger_stop,PF_M2_T7_delta_smax,
1291,PF_M2_T7_delta_smax,PF_M2_T7_smax,
1292,PF_M2_T8_s0_LTL,PF_M2_T8_s0_LTL_MpGood,
1293,PF_M2_T8_s0_LTL_MpGood,PF_M2_T8_s0_MpGood,
1294,PF_M2_T8_s0,PF_M2_T8_s0_LTL_MpGood,
1295,PF_M2_T8_s0,PF_M2_T8_s0_UTL_MpGood,
1296,PF_M2_T8_s0,PF_M2_T8_sgrad,
1297,PF_M2_T8_s0_UTL_MpGood,PF_M2_T8_s0_MpGood,
1298,PF_M2_T8_s0_UTL,PF_M2_T8_s0_UTL_MpGood,
1299,PF_M2_T8_s0_MpGood,Sec_C2_Machine2_ProcessResult,
1300,PF_M2_T8_Force,PF_M2_T8_Force_LTL_MpGood,
1301,PF_M2_T8_Force,PF_M2_T8_Force_UTL_MpGood,
1302,PF_M2_T8_Force,PF_M2_T8_delta_sgrad,
1303,PF_M2_T8_Force,PF_M2_T8_Fmax,
1304,PF_M2_T8_Force_LTL_MpGood,PF_M2_T8_Force_MpGood,
1305,PF_M2_T8_Force_LTL,PF_M2_T8_Force_LTL_MpGood,
1306,PF_M2_T8_Force_UTL_MpGood,PF_M2_T8_Force_MpGood,
1307,PF_M2_T8_Force_UTL,PF_M2_T8_Force_UTL_MpGood,
1308,PF_M2_T8_Force_MpGood,Sec_C2_Machine2_ProcessResult,
1309,PF_M2_T8_sgrad,PF_M2_T8_sgrad_LTL_MpGood,
1310,PF_M2_T8_sgrad,PF_M2_T8_sgrad_UTL_MpGood,
1311,PF_M2_T8_sgrad,PF_M2_T8_smax,
1312,PF_M2_T8_sgrad_LTL_MpGood,PF_M2_T8_sgrad_MpGood,
1313,PF_M2_T8_sgrad_LTL,PF_M2_T8_sgrad_LTL_MpGood,
1314,PF_M2_T8_sgrad_UTL,PF_M2_T8_sgrad_UTL_MpGood,
1315,PF_M2_T8_sgrad_UTL_MpGood,PF_M2_T8_sgrad_MpGood,
1316,PF_M2_T8_sgrad_MpGood,Sec_C2_Machine2_ProcessResult,
1317,PF_M2_T8_Fmax,PF_M2_T8_Fmax_LTL_MpGood,
1318,PF_M2_T8_Fmax,PF_M2_T8_Fmax_UTL_MpGood,
1319,PF_M2_T8_Fmax_LTL_MpGood,PF_M2_T8_Fmax_MpGood,
1320,PF_M2_T8_Fmax_LTL,PF_M2_T8_Fmax_LTL_MpGood,
1321,PF_M2_T8_Fmax_UTL_MpGood,PF_M2_T8_Fmax_MpGood,
1322,PF_M2_T8_Fmax_UTL,PF_M2_T8_Fmax_UTL_MpGood,
1323,PF_M2_T8_Fmax_MpGood,Sec_C2_Machine2_ProcessResult,
1324,PF_M2_T8_smax,PF_M2_T8_smax_LTL_MpGood,
1325,PF_M2_T8_smax,PF_M2_T8_smax_UTL_MpGood,
1326,PF_M2_T8_smax_LTL_MpGood,PF_M2_T8_smax_MpGood,
1327,PF_M2_T8_smax_LTL,PF_M2_T8_smax_LTL_MpGood,
1328,PF_M2_T8_smax_UTL,PF_M2_T8_smax_UTL_MpGood,
1329,PF_M2_T8_smax_UTL_MpGood,PF_M2_T8_smax_MpGood,
1330,PF_M2_T8_Force_max_deform,PF_M2_T8_delta_Force_Deform,
1331,PF_M2_T8_delta_Force_Deform,PF_M2_T8_delta_Force_ReLu,
1332,PF_M2_T8_delta_Force_ReLu,PF_M2_T8_LeakTolMachine_REF,
1333,PF_M2_T8_LeakTolMachine_REF,PF_M2_T8_LeakTolMachine,
1334,PF_M2_T8_deltaD_max,PF_M2_T8_deltaD_Leak_max,
1335,PF_M2_T8_deltaD_max,PF_M2_T8_deltaD_mean,
1336,PF_M2_T8_deltaD_min,PF_M2_T8_deltaD_Leak_min,
1337,PF_M2_T8_deltaD_min,PF_M2_T8_deltaD_mean,
1338,PF_M2_T8_LeakTolMachine,PF_M2_T8_deltaD_Leak_min,
1339,PF_M2_T8_LeakTolMachine,PF_M2_T8_deltaD_Leak_max,
1340,PF_M2_T8_deltaD_Leak_min,PF_M2_T8_deltaD_Leak_min_ReLu,
1341,PF_M2_T8_deltaD_Leak_max,PF_M2_T8_deltaD_Leak_max_ReLu,
1342,PF_M2_T8_deltaD_Leak_min_ReLu,PF_M2_T8_AleakPF_deltaD,
1343,PF_M2_T8_deltaD_Leak_max_ReLu,PF_M2_T8_AleakPF_deltaD,
1344,PF_M2_T8_beta_asym,PF_M2_T8_AleakPF_deltaD,
1345,PF_M2_T8_beta_asym,PF_M2_T8_deltaD_mean,
1346,PF_M2_T8_AleakPF_deltaD,PF_M2_T8_AleakPF,
1347,PF_M2_T8_AleakPF,PF_M2_T8_AleakBore,
1348,PF_M2_T8_AleakPF,HU_Ch4_T8_AleakPF,
1349,PF_M2_T8_AleakPF_deltaD_REF,PF_M2_T8_AleakPF,
1350,PF_M2_T8_AleakPF_REF,PF_M2_T8_AleakPF,
1351,PF_M2_T8_deltaD_mean,PF_M2_T8_KstiffPF,
1352,PF_M2_T8_E_eff_inv,PF_M2_T8_E_eff,
1353,PF_M2_T8_E_eff,PF_M2_T8_KstiffPF,
1354,PF_M2_T8_KstiffPF,PF_M2_T8_Kstiff_inv,
1355,PF_M2_T8_KstiffPF,PF_M2_T8_Force,
1356,PF_M2_T8_KstiffPF_Ref,PF_M2_T8_KstiffPF,
1357,PF_M2_T8_KstiffPF_deltaD_Ref,PF_M2_T8_KstiffPF,
1358,PF_M2_T8_KstiffPF_E_Ref,PF_M2_T8_KstiffPF,
1359,PF_M2_T8_Kstiff_inv,PF_M2_T8_Kstiff,
1360,PF_M2_T8_Kstiff,PF_M2_T8_delta_sgrad,
1361,PF_M2_T8_delta_sgrad,PF_M2_T8_sgrad,
1362,PF_M2_T8_delta_Ftrigger_stop,PF_M2_T8_Fmax,
1363,PF_M2_T8_delta_Ftrigger_stop,PF_M2_T8_delta_smax,
1364,PF_M2_T8_delta_smax,PF_M2_T8_smax,
1365,PF_M2_T5_s0,PF_M2_T5_s0_LTL_MpGood,
1366,PF_M2_T5_s0,PF_M2_T5_s0_UTL_MpGood,
1367,PF_M2_T5_s0,PF_M2_T5_sgrad,
1368,PF_M2_T5_s0_LTL_MpGood,PF_M2_T5_s0_MpGood,
1369,PF_M2_T5_s0_LTL,PF_M2_T5_s0_LTL_MpGood,
1370,PF_M2_T5_s0_UTL,PF_M2_T5_s0_UTL_MpGood,
1371,PF_M2_T5_s0_UTL_MpGood,PF_M2_T5_s0_MpGood,
1372,PF_M2_T5_s0_MpGood,Sec_C2_Machine2_ProcessResult,
1373,PF_M2_T5_Force,PF_M2_T5_Force_LTL_MpGood,
1374,PF_M2_T5_Force,PF_M2_T5_Force_UTL_MpGood,
1375,PF_M2_T5_Force,PF_M2_T5_delta_sgrad,
1376,PF_M2_T5_Force,PF_M2_T5_Fmax,
1377,PF_M2_T5_Force_LTL_MpGood,PF_M2_T5_Force_MpGood,
1378,PF_M2_T5_Force_LTL,PF_M2_T5_Force_LTL_MpGood,
1379,PF_M2_T5_Force_UTL,PF_M2_T5_Force_UTL_MpGood,
1380,PF_M2_T5_Force_UTL_MpGood,PF_M2_T5_Force_MpGood,
1381,PF_M2_T5_Force_MpGood,Sec_C2_Machine2_ProcessResult,
1382,PF_M2_T5_sgrad,PF_M2_T5_sgrad_LTL_MpGood,
1383,PF_M2_T5_sgrad,PF_M2_T5_sgrad_UTL_MpGood,
1384,PF_M2_T5_sgrad,PF_M2_T5_smax,
1385,PF_M2_T5_sgrad_LTL_MpGood,PF_M2_T5_sgrad_MpGood,
1386,PF_M2_T5_sgrad_LTL,PF_M2_T5_sgrad_LTL_MpGood,
1387,PF_M2_T5_sgrad_UTL_MpGood,PF_M2_T5_sgrad_MpGood,
1388,PF_M2_T5_sgrad_UTL,PF_M2_T5_sgrad_UTL_MpGood,
1389,PF_M2_T5_sgrad_MpGood,Sec_C2_Machine2_ProcessResult,
1390,PF_M2_T5_Fmax,PF_M2_T5_Fmax_LTL_MpGood,
1391,PF_M2_T5_Fmax,PF_M2_T5_Fmax_UTL_MpGood,
1392,PF_M2_T5_Fmax_LTL_MpGood,PF_M2_T5_Fmax_MpGood,
1393,PF_M2_T5_Fmax_LTL,PF_M2_T5_Fmax_LTL_MpGood,
1394,PF_M2_T5_Fmax_UTL_MpGood,PF_M2_T5_Fmax_MpGood,
1395,PF_M2_T5_Fmax_UTL,PF_M2_T5_Fmax_UTL_MpGood,
1396,PF_M2_T5_Fmax_MpGood,Sec_C2_Machine2_ProcessResult,
1397,PF_M2_T5_smax,PF_M2_T5_smax_LTL_MpGood,
1398,PF_M2_T5_smax,PF_M2_T5_smax_UTL_MpGood,
1399,PF_M2_T5_smax_LTL_MpGood,PF_M2_T5_smax_MpGood,
1400,PF_M2_T5_smax_LTL,PF_M2_T5_smax_LTL_MpGood,
1401,PF_M2_T5_smax_UTL_MpGood,PF_M2_T5_smax_MpGood,
1402,PF_M2_T5_smax_UTL,PF_M2_T5_smax_UTL_MpGood,
1403,PF_M2_T5_Force_max_deform,PF_M2_T5_delta_Force_Deform,
1404,PF_M2_T5_delta_Force_Deform,PF_M2_T5_delta_Force_ReLu,
1405,PF_M2_T5_delta_Force_ReLu,PF_M2_T5_LeakTolMachine_REF,
1406,PF_M2_T5_LeakTolMachine_REF,PF_M2_T5_LeakTolMachine,
1407,PF_M2_T5_deltaD_max,PF_M2_T5_deltaD_Leak_max,
1408,PF_M2_T5_deltaD_max,PF_M2_T5_deltaD_mean,
1409,PF_M2_T5_deltaD_min,PF_M2_T5_deltaD_Leak_min,
1410,PF_M2_T5_deltaD_min,PF_M2_T5_deltaD_mean,
1411,PF_M2_T5_LeakTolMachine,PF_M2_T5_deltaD_Leak_min,
1412,PF_M2_T5_LeakTolMachine,PF_M2_T5_deltaD_Leak_max,
1413,PF_M2_T5_deltaD_Leak_min,PF_M2_T5_deltaD_Leak_min_ReLu,
1414,PF_M2_T5_deltaD_Leak_max,PF_M2_T5_deltaD_Leak_max_ReLu,
1415,PF_M2_T5_deltaD_Leak_min_ReLu,PF_M2_T5_AleakPF_deltaD,
1416,PF_M2_T5_deltaD_Leak_max_ReLu,PF_M2_T5_AleakPF_deltaD,
1417,PF_M2_T5_beta_asym,PF_M2_T5_AleakPF_deltaD,
1418,PF_M2_T5_beta_asym,PF_M2_T5_deltaD_mean,
1419,PF_M2_T5_AleakPF_deltaD,PF_M2_T5_AleakPF,
1420,PF_M2_T5_AleakPF,PF_M2_T5_AleakBore,
1421,PF_M2_T5_AleakPF,HU_Ch3_T5_AleakPF,
1422,PF_M2_T5_AleakPF_deltaD_REF,PF_M2_T5_AleakPF,
1423,PF_M2_T5_AleakPF_REF,PF_M2_T5_AleakPF,
1424,PF_M2_T5_deltaD_mean,PF_M2_T5_KstiffPF,
1425,PF_M2_T5_E_eff_inv,PF_M2_T5_E_eff,
1426,PF_M2_T5_E_eff,PF_M2_T5_KstiffPF,
1427,PF_M2_T5_KstiffPF,PF_M2_T5_Kstiff_inv,
1428,PF_M2_T5_KstiffPF,PF_M2_T5_Force,
1429,PF_M2_T5_KstiffPF_Ref,PF_M2_T5_KstiffPF,
1430,PF_M2_T5_KstiffPF_deltaD_Ref,PF_M2_T5_KstiffPF,
1431,PF_M2_T5_KstiffPF_E_Ref,PF_M2_T5_KstiffPF,
1432,PF_M2_T5_Kstiff_inv,PF_M2_T5_Kstiff,
1433,PF_M2_T5_Kstiff,PF_M2_T5_delta_sgrad,
1434,PF_M2_T5_delta_sgrad,PF_M2_T5_sgrad,
1435,PF_M2_T5_delta_Ftrigger_stop,PF_M2_T5_Fmax,
1436,PF_M2_T5_delta_Ftrigger_stop,PF_M2_T5_delta_smax,
1437,PF_M2_T5_delta_smax,PF_M2_T5_smax,
1438,PF_M2_T6_s0,PF_M2_T6_s0_LTL_MpGood,
1439,PF_M2_T6_s0,PF_M2_T6_s0_UTL_MpGood,
1440,PF_M2_T6_s0,PF_M2_T6_sgrad,
1441,PF_M2_T6_s0_LTL_MpGood,PF_M2_T6_s0_MpGood,
1442,PF_M2_T6_s0_LTL,PF_M2_T6_s0_LTL_MpGood,
1443,PF_M2_T6_s0_UTL_MpGood,PF_M2_T6_s0_MpGood,
1444,PF_M2_T6_s0_UTL,PF_M2_T6_s0_UTL_MpGood,
1445,PF_M2_T6_s0_MpGood,Sec_C2_Machine2_ProcessResult,
1446,PF_M2_T6_Force,PF_M2_T6_Force_LTL_MpGood,
1447,PF_M2_T6_Force,PF_M2_T6_Force_UTL_MpGood,
1448,PF_M2_T6_Force,PF_M2_T6_delta_sgrad,
1449,PF_M2_T6_Force,PF_M2_T6_Fmax,
1450,PF_M2_T6_Force_LTL_MpGood,PF_M2_T6_Force_MpGood,
1451,PF_M2_T6_Force_LTL,PF_M2_T6_Force_LTL_MpGood,
1452,PF_M2_T6_Force_UTL,PF_M2_T6_Force_UTL_MpGood,
1453,PF_M2_T6_Force_UTL_MpGood,PF_M2_T6_Force_MpGood,
1454,PF_M2_T6_Force_MpGood,Sec_C2_Machine2_ProcessResult,
1455,PF_M2_T6_sgrad_LTL,PF_M2_T6_sgrad_LTL_MpGood,
1456,PF_M2_T6_sgrad_LTL_MpGood,PF_M2_T6_sgrad_MpGood,
1457,PF_M2_T6_sgrad,PF_M2_T6_sgrad_LTL_MpGood,
1458,PF_M2_T6_sgrad,PF_M2_T6_sgrad_UTL_MpGood,
1459,PF_M2_T6_sgrad,PF_M2_T6_smax,
1460,PF_M2_T6_sgrad_UTL_MpGood,PF_M2_T6_sgrad_MpGood,
1461,PF_M2_T6_sgrad_UTL,PF_M2_T6_sgrad_UTL_MpGood,
1462,PF_M2_T6_sgrad_MpGood,Sec_C2_Machine2_ProcessResult,
1463,PF_M2_T6_Fmax,PF_M2_T6_Fmax_LTL_MpGood,
1464,PF_M2_T6_Fmax,PF_M2_T6_Fmax_UTL_MpGood,
1465,PF_M2_T6_Fmax_LTL_MpGood,PF_M2_T6_Fmax_MpGood,
1466,PF_M2_T6_Fmax_LTL,PF_M2_T6_Fmax_LTL_MpGood,
1467,PF_M2_T6_Fmax_UTL,PF_M2_T6_Fmax_UTL_MpGood,
1468,PF_M2_T6_Fmax_UTL_MpGood,PF_M2_T6_Fmax_MpGood,
1469,PF_M2_T6_Fmax_MpGood,Sec_C2_Machine2_ProcessResult,
1470,PF_M2_T6_smax,PF_M2_T6_smax_LTL_MpGood,
1471,PF_M2_T6_smax,PF_M2_T6_smax_UTL_MpGood,
1472,PF_M2_T6_smax_LTL_MpGood,PF_M2_T6_smax_MpGood,
1473,PF_M2_T6_smax_LTL,PF_M2_T6_smax_LTL_MpGood,
1474,PF_M2_T6_smax_UTL,PF_M2_T6_smax_UTL_MpGood,
1475,PF_M2_T6_smax_UTL_MpGood,PF_M2_T6_smax_MpGood,
1476,PF_M2_T6_Force_max_deform,PF_M2_T6_delta_Force_Deform,
1477,PF_M2_T6_delta_Force_Deform,PF_M2_T6_delta_Force_ReLu,
1478,PF_M2_T6_delta_Force_ReLu,PF_M2_T6_LeakTolMachine_REF,
1479,PF_M2_T6_LeakTolMachine_REF,PF_M2_T6_LeakTolMachine,
1480,PF_M2_T6_deltaD_max,PF_M2_T6_deltaD_Leak_max,
1481,PF_M2_T6_deltaD_max,PF_M2_T6_deltaD_mean,
1482,PF_M2_T6_deltaD_min,PF_M2_T6_deltaD_Leak_min,
1483,PF_M2_T6_deltaD_min,PF_M2_T6_deltaD_mean,
1484,PF_M2_T6_LeakTolMachine,PF_M2_T6_deltaD_Leak_min,
1485,PF_M2_T6_LeakTolMachine,PF_M2_T6_deltaD_Leak_max,
1486,PF_M2_T6_deltaD_Leak_min,PF_M2_T6_deltaD_Leak_min_ReLu,
1487,PF_M2_T6_deltaD_Leak_max,PF_M2_T6_deltaD_Leak_max_ReLu,
1488,PF_M2_T6_deltaD_Leak_min_ReLu,PF_M2_T6_AleakPF_deltaD,
1489,PF_M2_T6_deltaD_Leak_max_ReLu,PF_M2_T6_AleakPF_deltaD,
1490,PF_M2_T6_beta_asym,PF_M2_T6_AleakPF_deltaD,
1491,PF_M2_T6_beta_asym,PF_M2_T6_deltaD_mean,
1492,PF_M2_T6_AleakPF_deltaD,PF_M2_T6_AleakPF,
1493,PF_M2_T6_AleakPF,PF_M2_T6_AleakBore,
1494,PF_M2_T6_AleakPF,HU_Ch3_T6_AleakPF,
1495,PF_M2_T6_AleakPF_deltaD_REF,PF_M2_T6_AleakPF,
1496,PF_M2_T6_AleakPF_REF,PF_M2_T6_AleakPF,
1497,PF_M2_T6_deltaD_mean,PF_M2_T6_KstiffPF,
1498,PF_M2_T6_E_eff_inv,PF_M2_T6_E_eff,
1499,PF_M2_T6_E_eff,PF_M2_T6_KstiffPF,
1500,PF_M2_T6_KstiffPF,PF_M2_T6_Kstiff_inv,
1501,PF_M2_T6_KstiffPF,PF_M2_T6_Force,
1502,PF_M2_T6_KstiffPF_Ref,PF_M2_T6_KstiffPF,
1503,PF_M2_T6_KstiffPF_deltaD_Ref,PF_M2_T6_KstiffPF,
1504,PF_M2_T6_KstiffPF_E_Ref,PF_M2_T6_KstiffPF,
1505,PF_M2_T6_Kstiff_inv,PF_M2_T6_Kstiff,
1506,PF_M2_T6_Kstiff,PF_M2_T6_delta_sgrad,
1507,PF_M2_T6_delta_sgrad,PF_M2_T6_sgrad,
1508,PF_M2_T6_delta_Ftrigger_stop,PF_M2_T6_Fmax,
1509,PF_M2_T6_delta_Ftrigger_stop,PF_M2_T6_delta_smax,
1510,PF_M2_T6_delta_smax,PF_M2_T6_smax,
1511,EOL_Ch3_p0,EOL_Ch3_p0_LTL_MpGood,
1512,EOL_Ch3_p0,EOL_Ch3_p0_UTL_MpGood,
1513,EOL_Ch3_p0,EOL_step1a_Ch3_p,
1514,EOL_Ch3_p0_LTL_MpGood,EOL_Ch3_p0_MpGood,
1515,EOL_Ch3_p0_LTL,EOL_Ch3_p0_LTL_MpGood,
1516,EOL_Ch3_p0_UTL_MpGood,EOL_Ch3_p0_MpGood,
1517,EOL_Ch3_p0_UTL,EOL_Ch3_p0_UTL_MpGood,
1518,EOL_Ch3_p0_MpGood,Sec_Ceol_Machine1_ProcessResult,
1519,EOL_step1a_Ch3_p,EOL_step1a_Ch3_p_LTL_MpGood,
1520,EOL_step1a_Ch3_p,EOL_step1a_Ch3_p_UTL_MpGood,
1521,EOL_step1a_Ch3_p_LTL_MpGood,EOL_step1a_Ch3_p_MpGood,
1522,EOL_step1a_Ch3_p_LTL,EOL_step1a_Ch3_p_LTL_MpGood,
1523,EOL_step1a_Ch3_p_UTL,EOL_step1a_Ch3_p_UTL_MpGood,
1524,EOL_step1a_Ch3_p_UTL_MpGood,EOL_step1a_Ch3_p_MpGood,
1525,EOL_step1a_Ch3_p_MpGood,Sec_Ceol_Machine1_ProcessResult,
1526,EOL_HU_Ch3_AleakChamber,EOL_HU_Ch3_AleakSum,
1527,EOL_HU_Ch3_AleakSum,EOL_step1a_Ch3_deltaP,
1528,EOL_Aleak_machine,EOL_HU_Ch3_AleakSum,
1529,EOL_Aleak_machine,EOL_HU_Ch1_AleakSum,
1530,EOL_Aleak_machine,EOL_HU_Ch4_AleakSum,
1531,EOL_Aleak_machine,EOL_HU_Ch2_AleakSum,
1532,EOL_Aleak_machine,EOL_step1e_AleakSum,
1533,EOL_HU_Ch3_Vchamber,EOL_step1a_Ch3_deltaP,
1534,EOL_step1a_Ch3_deltaP,EOL_step1a_Ch3_p,
1535,EOL_HU_Ch3_Vchamber_part_REF,EOL_step1a_Ch3_deltaP,
1536,PSec_Ceol_pSection_ID_num,EOL_Ch3_p0,2.0
1537,PSec_Ceol_pSection_ID_num,EOL_Aleak_machine,2.0
1538,PSec_Ceol_pSection_ID_num,EOL_Ch1_p0,2.0
1539,PSec_Ceol_pSection_ID_num,EOL_Ch4_p0,2.0
1540,PSec_Ceol_pSection_ID_num,EOL_Ch2_p0,2.0
1541,PSec_Ceol_pSection_ID_num,EOL_step1e_p0,2.0
1542,PSec_Ceol_pSection_ID_num,EOL_step1e_Vchamber,2.0
1543,PSec_Ceol_pSection_ID_num,EOL_step1e_Vchamber_part_REF,2.0
1544,EOL_Ch1_p0,EOL_Ch1_p0_LTL_MpGood,
1545,EOL_Ch1_p0,EOL_Ch1_p0_UTL_MpGood,
1546,EOL_Ch1_p0,EOL_step1b_Ch1_p,
1547,EOL_Ch1_p0_LTL_MpGood,EOL_Ch1_p0_MpGood,
1548,EOL_Ch1_p0_LTL,EOL_Ch1_p0_LTL_MpGood,
1549,EOL_Ch1_p0_UTL_MpGood,EOL_Ch1_p0_MpGood,
1550,EOL_Ch1_p0_UTL,EOL_Ch1_p0_UTL_MpGood,
1551,EOL_Ch1_p0_MpGood,Sec_Ceol_Machine1_ProcessResult,
1552,EOL_step1b_Ch1_p,EOL_step1b_Ch1_p_LTL_MpGood,
1553,EOL_step1b_Ch1_p,EOL_step1b_Ch1_p_UTL_MpGood,
1554,EOL_step1b_Ch1_p_LTL_MpGood,EOL_step1b_Ch1_p_MpGood,
1555,EOL_step1b_Ch1_p_LTL,EOL_step1b_Ch1_p_LTL_MpGood,
1556,EOL_step1b_Ch1_p_UTL,EOL_step1b_Ch1_p_UTL_MpGood,
1557,EOL_step1b_Ch1_p_UTL_MpGood,EOL_step1b_Ch1_p_MpGood,
1558,EOL_step1b_Ch1_p_MpGood,Sec_Ceol_Machine1_ProcessResult,
1559,EOL_HU_Ch1_AleakSum,EOL_step1b_Ch1_deltaP,
1560,EOL_HU_Ch1_AleakChamber,EOL_HU_Ch1_AleakSum,
1561,EOL_step1b_Ch1_deltaP,EOL_step1b_Ch1_p,
1562,EOL_HU_Ch1_Vchamber_part_REF,EOL_step1b_Ch1_deltaP,
1563,EOL_HU_Ch1_Vchamber,EOL_step1b_Ch1_deltaP,
1564,EOL_Ch4_p0_LTL,EOL_Ch4_p0_LTL_MpGood,
1565,EOL_Ch4_p0_LTL_MpGood,EOL_Ch4_p0_MpGood,
1566,EOL_Ch4_p0,EOL_Ch4_p0_LTL_MpGood,
1567,EOL_Ch4_p0,EOL_Ch4_p0_UTL_MpGood,
1568,EOL_Ch4_p0,EOL_step1c_Ch4_p,
1569,EOL_Ch4_p0_UTL_MpGood,EOL_Ch4_p0_MpGood,
1570,EOL_Ch4_p0_UTL,EOL_Ch4_p0_UTL_MpGood,
1571,EOL_Ch4_p0_MpGood,Sec_Ceol_Machine1_ProcessResult,
1572,EOL_step1c_Ch4_p_LTL,EOL_step1c_Ch4_p_LTL_MpGood,
1573,EOL_step1c_Ch4_p_LTL_MpGood,EOL_step1c_Ch4_p_MpGood,
1574,EOL_step1c_Ch4_p,EOL_step1c_Ch4_p_LTL_MpGood,
1575,EOL_step1c_Ch4_p,EOL_step1c_Ch4_p_UTL_MpGood,
1576,EOL_step1c_Ch4_p_UTL,EOL_step1c_Ch4_p_UTL_MpGood,
1577,EOL_step1c_Ch4_p_UTL_MpGood,EOL_step1c_Ch4_p_MpGood,
1578,EOL_step1c_Ch4_p_MpGood,Sec_Ceol_Machine1_ProcessResult,
1579,EOL_HU_Ch4_AleakChamber,EOL_HU_Ch4_AleakSum,
1580,EOL_HU_Ch4_AleakSum,EOL_step1c_Ch4_deltaP,
1581,EOL_step1c_Ch4_deltaP,EOL_step1c_Ch4_p,
1582,EOL_HU_Ch4_Vchamber_part_REF,EOL_step1c_Ch4_deltaP,
1583,EOL_HU_Ch4_Vchamber,EOL_step1c_Ch4_deltaP,
1584,EOL_Ch2_p0_LTL,EOL_Ch2_p0_LTL_MpGood,
1585,EOL_Ch2_p0_LTL_MpGood,EOL_Ch2_p0_MpGood,
1586,EOL_Ch2_p0,EOL_Ch2_p0_LTL_MpGood,
1587,EOL_Ch2_p0,EOL_Ch2_p0_UTL_MpGood,
1588,EOL_Ch2_p0,EOL_step1d_Ch2_p,
1589,EOL_Ch2_p0_UTL,EOL_Ch2_p0_UTL_MpGood,
1590,EOL_Ch2_p0_UTL_MpGood,EOL_Ch2_p0_MpGood,
1591,EOL_Ch2_p0_MpGood,Sec_Ceol_Machine1_ProcessResult,
1592,EOL_step1d_Ch2_p,EOL_step1d_Ch2_p_LTL_MpGood,
1593,EOL_step1d_Ch2_p,EOL_step1d_Ch2_p_UTL_MpGood,
1594,EOL_step1d_Ch2_p_LTL_MpGood,EOL_step1d_Ch2_p_MpGood,
1595,EOL_step1d_Ch2_p_LTL,EOL_step1d_Ch2_p_LTL_MpGood,
1596,EOL_step1d_Ch2_p_UTL_MpGood,EOL_step1d_Ch2_p_MpGood,
1597,EOL_step1d_Ch2_p_UTL,EOL_step1d_Ch2_p_UTL_MpGood,
1598,EOL_step1d_Ch2_p_MpGood,Sec_Ceol_Machine1_ProcessResult,
1599,EOL_HU_Ch2_AleakSum,EOL_step1d_Ch2_deltaP,
1600,EOL_HU_Ch2_AleakChamber,EOL_HU_Ch2_AleakSum,
1601,EOL_HU_Ch2_Vchamber_part_REF,EOL_step1d_Ch2_deltaP,
1602,EOL_step1d_Ch2_deltaP,EOL_step1d_Ch2_p,
1603,EOL_HU_Ch2_Vchamber,EOL_step1d_Ch2_deltaP,
1604,EOL_step1e_p0,EOL_step1e_p0_LTL_MpGood,
1605,EOL_step1e_p0,EOL_step1e_p0_UTL_MpGood,
1606,EOL_step1e_p0,EOL_step1e_p,
1607,EOL_step1e_p0_LTL_MpGood,EOL_step1e_p0_MpGood,
1608,EOL_step1e_p0_LTL,EOL_step1e_p0_LTL_MpGood,
1609,EOL_step1e_p0_UTL,EOL_step1e_p0_UTL_MpGood,
1610,EOL_step1e_p0_UTL_MpGood,EOL_step1e_p0_MpGood,
1611,EOL_step1e_p0_MpGood,Sec_Ceol_Machine1_ProcessResult,
1612,EOL_step1e_p,EOL_step1e_p_LTL_MpGood,
1613,EOL_step1e_p,EOL_step1e_p_UTL_MpGood,
1614,EOL_step1e_p_LTL_MpGood,EOL_step1e_p_MpGood,
1615,EOL_step1e_p_LTL,EOL_step1e_p_LTL_MpGood,
1616,EOL_step1e_p_UTL,EOL_step1e_p_UTL_MpGood,
1617,EOL_step1e_p_UTL_MpGood,EOL_step1e_p_MpGood,
1618,EOL_step1e_p_MpGood,Sec_Ceol_Machine1_ProcessResult,
1619,EOL_step1e_AleakChamber,EOL_step1e_AleakSum,
1620,EOL_step1e_AleakSum,EOL_step1e_deltaP,
1621,EOL_step1e_Vchamber_part_REF,EOL_step1e_deltaP,
1622,EOL_step1e_deltaP,EOL_step1e_p,
1623,EOL_step1e_Vchamber,EOL_step1e_deltaP,
1624,product_type_ID_num,HU_Block_Type_ID_num,2.0
1625,product_type_ID_num,T1_MV_Type_ID_num,2.0
1626,product_type_ID_num,T2_MV_Type_ID_num,2.0
1627,product_type_ID_num,T3_MV_Type_ID_num,2.0
1628,product_type_ID_num,T4_MV_Type_ID_num,2.0
1629,product_type_ID_num,T5_MV_Type_ID_num,2.0
1630,product_type_ID_num,T6_MV_Type_ID_num,2.0
1631,product_type_ID_num,T7_MV_Type_ID_num,2.0
1632,product_type_ID_num,T8_MV_Type_ID_num,2.0
1633,line_ID_num,PSec_MVgeneration_pSection_ID_num,2.0
1634,line_ID_num,PSec_HUgeneration_pSection_ID_num,2.0
1635,line_ID_num,PSec_C0_pSection_ID_num,2.0
1636,line_ID_num,PSec_C1_pSection_ID_num,2.0
1637,line_ID_num,PSec_C1A_pSection_ID_num,2.0
1638,line_ID_num,PSec_C2_pSection_ID_num,2.0
1639,line_ID_num,PSec_Ceol_pSection_ID_num,2.0
1640,HU_Block_Type_ID_num,HU_HU_Block_Type_ID_num,2.0
1641,T1_MV_Type_ID_num,MV1_T1_MV_Type_ID_num,2.0
1642,T2_MV_Type_ID_num,MV2_T2_MV_Type_ID_num,2.0
1643,T3_MV_Type_ID_num,MV3_T3_MV_Type_ID_num,2.0
1644,T4_MV_Type_ID_num,MV4_T4_MV_Type_ID_num,2.0
1645,T5_MV_Type_ID_num,MV5_T5_MV_Type_ID_num,2.0
1646,T6_MV_Type_ID_num,MV6_T6_MV_Type_ID_num,2.0
1647,T7_MV_Type_ID_num,MV7_T7_MV_Type_ID_num,2.0
1648,T8_MV_Type_ID_num,MV8_T8_MV_Type_ID_num,2.0
